id_establecimiento,descripcion,nro_escuela,domicilio,seccion,circuito
1,ESC Nº26 HIPOLITO YRIGOYEN,1,Av. San Juan 353,1,1
2,ESC Nº3 BERNARDINO RIVADAVIA,2,Bolivar 1235,1,1
3,INST. SIMON BOLIVAR,3,Bolivar 1163,1,1
4,ESC INTERDISCIPLINARIA Nº3,4,Piedras 1430,1,1
5,ESC Nº27 DEAN FUNES,5,Defensa 1431,1,1
6,ESC N°4 B. FERNANDEZ MORENO,6,Perú 1357,1,1
7,INST MARIA AUXILIADORA,7,Av. Juan de Garay 556 / s/n,1,1
8,ESC Nº21 HIPOLITO VIEYTES,8,Perú 946,1,2
9,ESC Nº1 VALENTIN GOMEZ,9,Av. Independencia 758,1,2
10,ESC N°22 DR GUILLERMO RAWSON,10,Humberto I 343,1,2
11,COLEGIO Nº7 J M PUEYRREDON,11,Chacabuco 922,1,2
12,JARDIN DE INFANTES N°3 SAN TELMO,12,Piedras 860,1,2
13,"ESC.N°37 ""FRANCISCO GATTI",13,Av. Independencia 672,1,2
14,UBA  FACULTAD DE INGENIERIA,14,Av. Paseo Colón 850,1,2
15,UCA  EDIFICIO SANTO TOMAS MORO,15,Av. A. Moreau de Justo 1400,1,3
16,UCA  EDIFICIO SAN ALBERTO MAGNO,16,Av. A. Moreau de Justo 1500,1,4
17,ESC NAC DE NAUTICA MANUEL BELGRANO,17,Av. Antártida Argentina 1535,1,5
18,ESC Nº25 BANDERA ARGENTINA,18,Letonia s/n y Combate de Costa Brava,1,5
19,ESC Nº6 PADRE C MUGICA,19,Letonia 1940,1,5
20,ESC INFANTIL N°5,20,Letonia 1928,1,5
21,INST EN LENGUAS VIVAS J R FERNANDEZ,21,Carlos Pellegrini 1515,1,6
22,ESC Nº2 D F SARMIENTO,22,Av. Pte. Manuel Quintana 31,1,6
23,JARDIN DE INFANTES N°4 CINCO ESQUINAS,23,Av. Pte. Manuel Quintana 7,1,6
24,COLEGIO Nº2 D F SARMIENTO,24,Libertad 1257,1,6
25,COLEGIO MALLINCKRODT,25,Juncal 1160 / 1178,1,6
26,COLEGIO JESUS MARIA GIMNASIO,26,Uruguay 1241,1,6
27,ASOCIACION ARGENTINA DE CULTURA INGLESA,27,Suipacha 1333,1,6
28,USAL FACULTAD DE PSICOLOGIA,28,M. T. de Alvear 1337,1,7
29,UCES,29,Paraguay 1318,1,7
30,INST C RAMOS MEJIA DE BUNGE,30,Paraguay 1252,1,7
31,ESC Nº6 FRENCH Y BERUTI,31,Basavilbaso 1295,1,8
32,JARDIN DE INFANTES N°2,32,Juncal 690,1,8
33,COLEGIO DE NUESTRA SEÑORA,33,Esmeralda 759,1,8
34,ESC Nº4 DE CATEDRAL J M ESTRADA,34,Reconquista 461,1,9
35,ESC Nº13 GRAL SAN MARTIN,35,San Martín 458,1,9
36,CIRCULO POLICIA FEDERAL SEDE SOCIA,36,San Martín 353,1,9
37,BOLSA DE COMERCIO DE BUENOS AIRES,37,25 de Mayo 359,1,9
38,PALACIO LIBERTAD,38,Av. Leandro N. Alem 351,1,9
39,ESC Nº5 RODRIGUEZ PEÑA,39,Rodríguez Peña 747,1,10
40,INST LIBRE DE SEGUNDA ENSEÑANZA,40,Libertad 555,1,10
41,ESC Nº7 PRESIDENTE ROCA,41,Libertad 581,1,10
42,ESC Nº19 ALEJANDRO VOLTA,42,Rodríguez Peña 551,1,10
43,ESC Nº8 NICOLAS AVELLANEDA,43,Talcahuano 680,1,10
44,COLEGIO PUBLICO DE ABOGADOS,44,Av. Corrientes 1441,1,10
45,UMSA FACULTAD DE ARTES,45,Sarmiento 1565,1,11
46,COMPLEJO TEATRO SAN MARTIN,46,Av. Corrientes 1530,1,11
47,CLUB GEBA SEDE ALDAO,47,Bartolomé Mitre 1149,1,11
48,ESC Nº9 FAMILIA DE CABEZON,48,Tte. Gral. J. D. Perón 1140,1,11
49,UMSA,49,Av. Corrientes 1723,1,11
50,COLEGIO DON BOSCO,50,Solís 252 / Moreno s/n,1,12
51,INST SANTA ROSA,51,Bartolomé Mitre 1655 / s/n,1,12
52,INST NUESTRA SEÑORA DE MONTSERRAT,52,Av. Belgrano 1344,1,12
53,UBA FACULTAD DE CS. SOCIALES,53,Santiago del Estero 1029,1,12
54,UADE,54,Av. Independencia 1127,1,13
55,INST LOS ROBLES,55,Pte. Luis Sáenz Peña 443,1,13
56,ESC Nº2 FRAY C RODRIGUEZ,56,Chile 1670,1,13
57,ESC Nº14 GRAL MARIANO NECOCHEA,57,Pte. Luis Sáenz Peña 463,1,13
58,ESC Nº13 PCIA DE SANTIAGO DEL ESTERO,58,Chile 1371,1,13
59,INST PRIV CAMARA ARGENTINA DE COMERCIO,59,Av. Rivadavia 970,1,14
60,COLEGIO NACIONAL DE BUENOS AIRES,60,Bolívar 263 / Moreno 519,1,14
61,DEFENSORIA DEL PUEBLO,61,Av. Belgrano 570,1,14
62,INST NAC DE LA ADMINISTRACION PUBLICA,62,Av. Belgrano 637,1,14
63,ESC Nº4 CNEL ISIDORO SUAREZ,63,Venezuela 771,1,15
64,INST SUPERIOR OCTUBRE,64,Venezuela 356,1,15
65,INST. CELIA MARTINEZ DE VARELA,65,Av. Paseo Colón 465 / 469,1,15
66,UNIVERSIDAD ISALUD,66,Venezuela 847,1,15
67,ESC Nº3 SANCHEZ DE THOMPSON,67,Tacuarí 567,1,15
68,ESC STA CATALINA DE ALEJANDRIA GIMNASIO,68,Av. Caseros 851,1,16
69,COLEGIO ESTEBAN ECHEVERRIA,69,Av. San Juan 983,1,16
70,INST FELICIA RAMON DE PALACIOS,70,Av. Brasil 882,1,16
71,INST SAN VICENTE DE PAUL,71,Carlos Calvo 924,1,16
72,UBA FACULTAD DE CS SOCIALES,72,San José 1064,1,17
73,ESC Nº7 GRAL GUEMES,73,Carlos Calvo 1140,1,17
74,ESC Nº5 AGUSTIN ALVAREZ,74,Humberto I 1573,1,17
75,COLEGIO INMACULADA CONCEPCION,75,Carlos Calvo 1186,1,17
76,COLEGIO N°1 BERNARDINO RIVADAVIA,76,Av. San Juan 1545 / s/n,1,17
77,UBA FACULTAD DE CS SOCIALES,77,Santiago del Estero 1029,1,17
78,ESC Nº16 EUSTAQUIO CARDENAS,78,Salta 1226,1,18
79,COLEGIO DE LA PROVIDENCIA,79,Cochabamba 1414,1,18
80,ESC Nº11 DR RICARDO GUTIERREZ,80,Pte. L S. Peña 1215 / Av. San Juan s/n,1,18
81,INST LOS ANGELES  PRIMARIA,81,Virrey Cevallos 1287,1,18
82,INST VOCACIONAL DE ARTE,82,Av. Juan de Garay 1684,1,19
83,ESC Nº6 TOMAS GUIDO,83,San José 1985,1,19
84,ESC Nº4 CNEL DE MARINA T ESPORA,84,Solís 1815,1,19
85,JARDIN DE INFANTES WALT DISNEY,85,San José 1980,1,19
86,INST LOS ANGELES  SECUNDARIA,86,Av. Entre Ríos 1956,1,19
87,INST HOGAR DEL PINO,87,Constitución 1650,1,19
88,UBA  FACULTAD DE DERECHO,88,Av. Figueroa Alcorta 2263,2,20
89,ESC NACIONAL DE BIBLIOTECARIOS,89,Agüero 2502,2,20
90,UBA FACULTAD DE DERECHO,90,Av. Figueroa Alcorta 2263,2,21
91,ESC N°21 ANGEL GALLARDO,91,Ayacucho 1849,2,21
92,INST NUESTRA SEÑORA DEL PILAR,92,Vicente López 1969,2,21
93,ESC N°1 JUAN JOSE CASTELLI,93,Ayacucho 1680,2,21
94,ESC N°18 DR HERRERA VEGAS,94,Av. Gral. Las Heras 3086,2,22
95,COLEGIO SAN TARSICIO,95,Juncal 2623,2,22
96,ESC N°24 CORNELIA PIZARRO,96,Peña 2670,2,22
97,ALIANZA FRANCESA CENTRO FORTABAT,97,Billinghurst 1926,2,22
98,INST MARIA BIANCHI DE COPELLO,98,Pacheco de Melo 2455,2,22
99,ESC N°10 GREGORIA PEREZ,99,Arenales 2733,2,22
100,COLEGIO RIO DE LA PLATA  SECUNDARIA,100,Laprida 1635,2,22
101,INST SAN AGUSTIN,101,Agüero 2320 / s/n,2,23
102,INST SAN MIGUEL,102,Larrea 1254,2,23
103,INST PADRE ETCHEVERRY BONEO,103,Juncal 2131,2,23
104,COLEGIO SAN PABLO,104,Pacheco de Melo 2300,2,23
105,LICEO NACIONAL N°1 J F ALCORTA,105,Av. Santa Fe 2778,2,23
106,COLEGIO RIO DE LA PLATA  PRIMARIA,106,Dr. T. M. de Anchorena 1644,2,23
107,INST MERCEDES PACHECO,107,Dr. T. M. de Anchorena 1553,2,23
108,UBA  FACULTAD DE INGENIERIA,108,Av. Gral Las Heras 2214,2,24
109,OAKHILL SCHOOL  SEDE RECOLETA,109,Juncal 1914,2,24
110,INST NTRA SEÑORA DE LA MISERICORDIA,110,Azcuénaga 1630,2,24
111,SEDE COMUNAL N°2,111,J. E. Uriburu 1022,2,24
112,COLEGIO LA ANUNCIATA,112,Arenales 2065,2,24
113,ESC CARLOS PELLEGRINI ,113,M. T. de Alvear 1851 / 1875,2,25
114,ESC INTERDISCIPLINARIA N°1,114,Ayacucho 953,2,25
115,ESC ARGENTINA MODELO,115,Riobamba 1059,2,25
116,CASA DEL BICENTENARIO,116,Riobamba 985,2,25
117,"ESC. Nº1 ""R. SAENZ PEÑA""  PRIMARIA",117,Paraguay 1950,2,25
118,ESC N°3 ONESIMO LEGUIZAMON,118,Av. Sta Fe 1510 / Paraná 1068,2,26
119,INST DEL CARMEN,119,Paraguay 1706,2,26
120,COLEGIO CHAMPAGNAT,120,Montevideo 1046,2,26
121,INST INMACULADA C DE M ADORATRICES,121,Uruguay 936,2,26
122,ESC INFANTIL N°7 PALACIO PIZZURNO,122,Paraguay 1452,2,26
123,USAL  FACULTAD DE MEDICINA,123,Av. Córdoba 1601,2,26
124,ESC N°1 R SAENZ PEÑA  SECUNDARIA,124,Av. Córdoba 1951,2,27
125,ESC N°1 R SAENZ PEÑA  PRIMARIA,125,Paraguay 1950,2,27
126,ESC N°23 BERNARDINO RIVADAVIA,126,Larrea 854,2,27
127,UBA  FACULTAD DE MEDICINA,127,Paraguay 2155,2,27
128,ESC N°2 JUAN LARREA,128,Laprida 1235,2,28
129,COLEGIO EDMONDO DE AMICIS,129,Dr. N. Quirno Costa 1260,2,28
130,ESC N°6 MANUEL BELGRANO,130,Ecuador 1158 / s/n,2,28
131,ICAPA,131,Dr. T. M. de Anchorena 1266,2,28
132,EL JARDIN DE PALERMO,132,Charcas 3082,2,28
133,INST LOS ANGELES CUSTODIOS,133,Gral. Lucio N. Mansilla 2588,2,28
134,JARDIN MONTESSORI SUNRISE,134,Gallo 1261,2,28
135,ESC N°13 REP DE IRAN,135,José A. Cabrera 3484,2,29
136,COLEGIO ALETHEIA  GIMNASIO,136,Gallo 1353,2,29
137,INST EDUCATIVO GUIDO SPANO,137,Billinghurst 1355,2,29
138,INST VOCACIONAL ARGENTINO,138,Charcas 3034,2,29
139,JARDIN DE INFANTES N°4,139,José A. Cabrera 3430,2,29
140,UP  FACULTAD DE CS SOCIALES,140,Mario Bravo 1259,2,29
141,ESC N°8 DR ARTURO MATEO BAS,141,Tucumán 3233,3,30
142,ESC N°23 T M DE ANCHORENA,142,Dr. T. M. de Anchorena 855,3,30
143,ESC N°24 PCIA DE CATAMARCA,143,Jean Jaures 870,3,30
144,ESC N°14 J M DE PUEYRREDON,144,Boulogne Sur Mer 635,3,30
145,JARDIN DE INFANTES ESC Nº8,145,San Luis 3224,3,30
146,UP  FACULTAD DE ARQUITECTURA,146,Ecuador 931,3,30
147,UP  FACULTAD DE DISEÑO Y COMUNICACION,147,Jean Jaures 932,3,30
148,UBA  FAC DE CS ECONOMICAS,148,Av. Córdoba 2150,3,31
149,ESC Nº10 PTE MANUEL QUINTANA,149,Lavalle 2366 / 2374,3,31
150,UBA  FAC DE CS ECONOMICAS,150,J.E.Uriburu 781,3,31
151,INST TEA Y DEPORTEA,151,Lavalle 2067,3,31
152,COLEGIO CORAZON DE JESUS,152,Ayacucho 480,3,31
153,COLEGIO LA SALLE,153,Riobamba 696,3,31
154,UNA  DPTO DE CRITICA DE ARTES,154,Bme. Mitre 1869 / 1889,3,32
155,COLEGIO DEL SALVADOR,155,Av. Callao 542 / 592,3,32
156,ESC.N°9 DOMINGO F. SARMIENTO,156,Av. Callao 450 / Pje. E. S. Discépolo 1842,3,32
157,ESC Nº2 DR A BERMEJO,157,Riobamba 623,3,32
158,ESC N°2 DR A BERMEJO POLIDEPORTIVO,158,Av. Callao 628,3,32
159,COLEGIO LA SALLE,159,Tucumán 1901,3,32
160,INST SAN LUIS GONZAGA,160,Tte. Gral. J. D. Perón s/n y Ayacucho,3,32
161,POLIDEPORTIVO CANGALLO SCHULE,161,Tte. Gral J. D. Perón 1953 / 1955,3,32
162,COLEGIO SANTO TOMAS DE AQUINO,162,Tte. Gral. J. D. Perón 1862,3,32
163,ESC Nº16 PTE MITRE,163,Sarmiento 2832,3,33
164,ESC Nº6 GRAL MARTIN RODRIGUEZ,164,Dr. T. M. de Anchorena 441,3,33
165,COLEGIO Nº5 BARTOLOME MITRE,165,Valentín Gómez 3163,3,33
166,PARQUE DE LA ESTACION  ESCUELA ABIERTA,166,Tte. Gral. J. D. Perón 3326,3,33
167,ESC CANGALLO SCHULE,167,Tte. Gral J. D. Perón 2169 / 2151,3,34
168,UBA  CENTRO DE IDIOMAS,168,Junín 224,3,34
169,CENTRO GALICIA DE BUENOS AIRES,169,Bartolomé Mitre 2552,3,34
170,ESC Nº14 CORNELIO SAAVEDRA,170,Sarmiento 2250,3,34
171,INST ARGENTINO GALLEGO SANTIAGO APOSTOL,171,Paso 51,3,34
172,POLIDEPORTIVO PAULA MONTAL,172,Bartolomé Mitre 2232,3,34
173,COLEGIO SAN JOSE,173,Bartolomé Mitre 2455,3,34
174,UBA  FACULTAD DE PSICOLOGIA,174,Hipólito Yrigoyen 3242,3,35
175,INST ARCANGEL SAN MIGUEL,175,Dr. T. M. de Anchorena 41,3,35
176,ESC Nº2 MARIANO ACOSTA,176,Gral. Urquiza 277,3,35
177,ESC Nº13 GRAL M ZAPIOLA,177,Gral. Urquiza 229,3,35
178,ESC. INFANTIL N°6,178,Catamarca 342,3,35
179,ESC Nº5 PAUL GROUSSAC,179,Catamarca 462,3,36
180,ESC Nº12 REP DEL PARAGUAY,180,Agrelo 3231,3,36
181,INST 9 DE JULIO,181,La Rioja 660,3,36
182,JARDIN DE INFANTES N°11,182,Venezuela 3269,3,36
183,UBA  FACULTAD DE PSICOLOGIA,183,Av. Independencia 3065,3,36
184,LICEO Nº10 RICARDO ROJAS,184,Av. Jujuy 150,3,37
185,CIRCULO DE SUBOFICIALES DE LA PFA,185,Av. Belgrano 2584,3,37
186,ESC Nº25 TTE 1 DE ARTILLERIA F L BELTRAN,186,Av. Jujuy 780,3,37
187,ESC Nº6 DR GUILLERMO CORREA,187,Saavedra 695,3,37
188,ESC Nº15 NARCISO DE LAPRIDA,188,México 2383,3,38
189,ESC Nº34 MONSEÑOR M D ANDREA,189,Moreno 2135,3,38
190,ESC Nº9 MARIANO MORENO,190,Moreno 2104 / Rincón s/n,3,38
191,COLEGIO PROYECYO SUR,191,Adolfo Alsina 2185,3,38
192,COLEGIO ISABEL CONDE DE HERNANDEZ,192,Moreno 1859,3,39
193,INST DON ORIONE,193,Hipólito Yrigoyen 2074,3,39
194,COLEGIO EUSKAL ECHEA GIMNASIO,194,Chile 2054 / 2056,3,39
195,ESC Nº5 JOSE DE SAN MARTIN,195,Av. Entre Ríos 751,3,39
196,COLEGIO EUSKAL ECHEA  JARDIN DE INFANTES,196,Chile 2018,3,39
197,BIBILIOTECA DEL CONGRESO DE LA NACION,197,Adolfo Alsina 1835,3,39
198,INST SANTA CRUZ,198,24 de Noviembre 950,3,40
199,ESC Nº11 JOSE FEDERICO MORENO,199,Humberto I 3171,3,40
200,ESC Nº15 LUIS CHINETTI,200,Estados Unidos 3141 /  P. Bernardo  876,3,40
201,ESC Nº7 OLEGARIO V ANDRADE,201,24 de Noviembre 1536,3,40
202,ESC N°8 PTE JULIO A ROCA  PRIMARIO,202,Carlos Calvo 3150,3,40
203,ESC Nº9 DR. LUIS R MC KAY,203,Carlos Calvo 3176,3,40
204,ESC Nº3 RUFINO SANCHEZ,204,La Rioja 850,3,41
205,ESC Nº8 PTE JULIO A. ROCA  SECUNDARIO,205,La Rioja 1042,3,41
206,ESC Nº17 LUIS JOSE CHORROARIN,206,Carlos Calvo 2827,3,41
207,INST SAN CRISTOBAL,207,Av. Jujuy 1241 / s/n,3,41
208,ESC Nº10 FRANCISCO DE GURRUCHAGA,208,Av. Jujuy 1471,3,41
209,ESC Nº11 MANUEL BELGRANO,209,Cochabamba 2830,3,41
210,ESC NUEVA ESPERANZA,210,Av. Juan de Garay 2715 / s/n,3,41
211,JARDIN DE INFANTES N°1 JOSE DE SAN MARTIN,211,Humberto I 2861,3,41
212,ESC Nº25 GERVASIO POSADAS,212,Av. San Juan 2277,3,42
213,ESC Nº21 CARLOS PELLEGRINI,213,Av. Entre Ríos 1341,3,42
214,ESC Nº22 CARLOS PELLEGRINI,214,Av. Entre Ríos 1359,3,42
215,ESC Nº23 GRAL VIAMONTE,215,Pasco 961,3,42
216,INST NTRA SRA DEL HUERTO,216,Av. Independencia 2140,3,42
217,INST FELIX F BERNASCONI,217,Catulo Castillo 2750,4,43
218,INST NTRA SRA DE LUJAN,218,Rondeau 2624,4,43
219,ESC N°26 BRIGADIER M DE AZCUENAGA,219,Pichincha 1873,4,43
220,ESC N°11 RICARDO LEVENE,220,Dean Funes 1821,4,44
221,INST SAN VICENTE DE PAUL,221,24 de Noviembre 1665,4,44
222,ESC N°2 JOSE MARIA GUTIERREZ,222,La Rioja 1846,4,44
223,CLUB BRISTOL,223,La Rioja 1869,4,44
224,CLUB ATLETICO HURACAN,224,Av. Caseros 3159,4,44
225,ESC N°2 PATRICIOS,225,Av. Almafuerte 66,4,45
226,ESC N°19 PCIA DE FORMOSA,226,Elia 473,4,45
227,CLUB ATLETICO PIRAÑA,227,Elia 678,4,45
228,JARDIN DE INFANTES N°18,228,Uspallata 3325,4,45
229,CBO N°1 EVITA,229,Los Patos 3080,4,45
230,ESC N°28 ARGENTINA CHINA,230,Los Patos 3042 / s/n,4,45
231,ESC N°7 DOLORES LAVALLE DE LAVALLE,231,Zavaleta 204,4,46
232,ESC N°18 REINO DE SUECIA ,232,Juan Carlos Gómez 253,4,46
233,ESC N°18 JUAN E PESTALOZZI ,233,Av. Caseros 2152,4,46
234,INST LA INMACULADA ,234,Patagones 2759 / s/n,4,46
235,ESC N°11 REP DE HAITI ,235,Lafayette 1879,4,47
236,ESC N°10 ESTANISLAO DE ZAVALETA ,236,Iguazú 1110,4,47
237,INST SAGRADO CORAZON ,237,California 3018,4,47
238,ESC N°25 MARCOS PAZ ,238,Av. Amancio Alcorta 2502,4,47
239,ITBA  SEDE PARQUE PATRICIOS ,239,Los Patos 2802,4,47
240,INST NTRA SRA DEL BUEN CONSEJO ,240,Santa Maria del Buen Ayre 953,4,47
241,ESC N°8 CARLOS NORBERTO VERGARA ,241,Av. Amancio Alcorta 1934,4,48
242,ESC N°28 FRANCISCO P MORENO ,242,José A. Salmun Feijoo 1073,4,48
243,ESC N°5 GRAL MARTIN M DE GÜEMES ,243,Arcamendia 743,4,48
244,ESC N°5 GRAL MARTIN M DE GÜEMES ,244,Arcamendia 793,4,48
245,CENTRO CENTES N°1 ,245,Dr. Ramón Carrillo 317,4,48
246,ESC N°10 FRAY LUIS BELTRAN ,246,Vieytes 942,4,48
247,COLEGIO PARROQUIAL SANTA ELISA ,247,Salta 2290 / Ambrosio Olmos 1257,4,48
248,ESC N°25 ARZOBISPO MARIANO A ESPINOZA ,248,Av. Montes de Oca 807,4,48
249,INST SANTA MARIA DEL ROSARIO ,249,Herrera 575,4,48
250,ESC N°13 FRAY MAMERTO ESQUIU ,250,Salom 332,4,49
251,ESC N°24 PTE DERQUI ,251,California 1925 / s/n,4,49
252,JARDIN DE INFANTES N°2 ANTONIO ABERASTAIN ,252,San Antonio 1136,4,49
253,ESC N°27 MANUEL DE SARRATEA ,253,Vieytes 1469,4,49
254,ESC N°9 JOSE P VARELA ,254,Luzuriaga 1571,4,49
255,ESC N°20 NIEVES ESCALADA DE OROMI ,255,San Antonio 682 / s/n,4,49
256,CENTRO DE FORMACION PROFESIONAL N°1 ,256,Rio Cuarto 1993,4,49
257,COLEGIO CRUZ DEL SUR ,257,Rio Cuarto 2560 / 2562,4,49
258,ESC N°7 JUAN DE GARAY ,258,Av. Caseros 734,4,50
259,ESC DE BELLAS ARTES MANUEL BELGRANO ,259,Wenceslao Villafañe 1342,4,50
260,ESC N°3 BERNARDO DE IRIGOYEN ,260,Av. Montes de Oca 439,4,50
261,ESC N°4 REP DEL LIBANO ,261,Av. Montes de Oca 121,4,50
262,ESC N°1 REP DE BOLIVIA ,262,Gral. Hornos 530,4,50
263,INST SANTA FELICITAS ,263,Pinzón 1480,4,51
264,INST ZACCARIA ,264,Av. Montes de Oca 1844,4,51
265,ESC N°1 JOAQUIN V GONZALEZ ,265,Av. Montes de Oca 1356,4,51
266,ESC N°3 JUAN MARTIN GUTIERREZ ,266,Rocha 1226,4,52
267,ESC N°4 JOSE JACINTO BERRUTTI ,267,Quinquela Martin 1081 / A. Nuñez s/n,4,52
268,ESC N°13 REP DE CHILE ,268,Suárez 1145,4,52
269,ESC N°19 REPUBLICA ITALIANA ,269,Rio Cuarto 1249,4,52
270,INST SAN PEDRO ,270,Benito Quinquela Martin 1171,4,52
271,ESC N°11 ANTONIO J BUCICH ,271,Brandsen 1057,4,52
272,ESC N°3 CASA AMARILLA ,272,Palos 210,4,53
273,ESC N°9 PEDRO DE MENDOZA ,273,Av. Pedro de Mendoza 1835,4,53
274,ESC N°1 ALTE GUILLERMO BROWN ,274,Aristóbulo del Valle 471,4,53
275,ESC N°10 GRAL G ARAOZ DE LAMADRID ,275,Gral. G. Aráoz de Lamadrid 499,4,53
276,ESC N°29 MANUEL BELGRANO ,276,Gral. G. Aráoz de Lamadrid 676,4,53
277,ESC N°14 AGUSTIN R CAFFARENA ,277,Necochea 1136,4,53
278,COLEGIO MARIA AUXILIADORA ,278,Palos 560 / Brandsen 590,4,53
279,COLEGIO SAN JUAN EVANGELISTA ,279,Gral. G. Araoz de Lamadrid 447,4,53
280,USINA DEL ARTE ,280,Agustín R. Caffarena 1,4,54
281,ESC N°3 HTAL GRAL DE AGUDOS ARGERICH ,281,Azopardo 1504,4,54
282,ESC N°8 CARLOS DELLA PENA ,282,E. Braun Menéndez 260,4,54
283,INST MADRE DE LOS EMIGRANTES ,283,Necochea 330,4,54
284,ESC N°2 DR CARLOS R VIGNALE ,284,Wenceslao Villafañe 453,4,54
285,ESC INTERDISCIPLINARIA N°4 ,285,Av. Alte Brown 473,4,54
286,CABJ POLIDEPORTIVO B QUINQUELA MARTIN ,286,Arzobispo Espinosa 565,4,54
287,ESC N°24 CONTRALMTE MARTIN GUERRICO ,287,Lynch 3536,4,55
288,INST SAN VICENTE DE PAUL ,288,Alberto Einstein 599,4,55
289,ESC N°23 DR LORENZO ANADON ,289,Traful 3847,4,55
290,ESC N°16 SABINA B DE BOZZALLA ,290,Av. Amancio Alcorta 3402,4,55
291,COLEGIO NTRA SRA DE LA DIVINA PROVIDENCIA ,291,Cachi 724 / 730,4,55
292,CLUB FRANJA DE ORO ,292,Av. Amancio Alcorta 3950,4,55
293,ESC N°17 PEDRO MELITON LEDESMA ,293,Traful 3835 / s/n,4,55
294,CLUB MIRIÑAQUE ,294,Lynch 3471,4,55
295,ESC N°2 DR GENARO SISTO ,295,Tilcara 3365,4,56
296,INST SAN ANTONIO DE PADUA ,296,Tilcara 3178,4,56
297,ESC N°33 F M DEL PLUMERILLO ,297,Av. Int. Francisco Rabanal 1549 / s/n,4,56
298,ESC N°6 DR ADOLFO SALDIAS ,298,Echauri 1576,4,56
299,ESC N°13 PTE ALBERTI ,299,Itaquí 2050,4,56
300,ESC N°3 PROF CARLOS J FORIT ,300,Tilcara 2856,4,56
301,INST NUEVA POMPEYA ,301,Fournier 3157,4,56
302,ESC N°5 PCIA DE CORRIENTES ,302,Av. Caseros 4050,4,57
303,ESC N°14 PCIA DE SAN LUIS ,303,Cachi 77,4,57
304,ESC N°7 AERONAUTICA ARGENTINA ,304,Quilmes 473,4,57
305,ESC N°1 MARIA SILVENTI DE AMATO ,305,Alagón 300,4,57
306,ESC N°10 HOMERO MANZI ,306,A. Pedro Arbeletche 1052,4,57
307,JARDIN DE INFANTES N°15 ,307,Andres Ferreyra 3705,4,57
308,ESC N°22 JUANA AZURDUY ,308,Mom 2358,4,57
309,ESC N°21 ,309,Andrés Ferreyra 3749,4,57
310,ESC N°20 ELOY FERNANDEZ ALONSO ,310,Muñiz 2147,5,58
311,ESC N°8 ALMAFUERTE ,311,Maza 1913,5,58
312,ESC N°23 PCIA DE ENTRE RIOS ,312,Av. Boedo 1935,5,58
313,ESC N°26 REP DE COLOMBIA ,313,Av. Juan de Garay 3972,5,58
314,CASLA  POLIDEPORTIVO LORENA ALLONI ,314,Salcedo s/n y José Mármol,5,58
315,INST MARIA AUXILIADORA ,315,Av. Juan de Garay 4333,5,59
316,ESC N°25 PAULA A DE SARMIENTO ,316,Tarija 4136,5,59
317,ESC N°22 GUSTAVO MARTINEZ ZUVIRIA ,317,Constitución 4154,5,59
318,ESC N°6 SAN JOSE DE CALASANZ ,318,Av. La Plata 1038 / s/n,5,59
319,CLUB BUENOS AIRES SUR ,319,Cochabamba 3650,5,59
320,POLIDEPORTIVO SPT ,320,Quintino Bocayuva 1274,5,59
321,ESC N°14 INTENDENTE ALVEAR ,321,Castro 954,5,60
322,ESC N°29 RECONQUISTA DE BS AS ,322,Av. Boedo 760,5,60
323,INSTITUTO MARIANO BOEDO ,323,Castro Barros 965 / s/n,5,60
324,CLUB ESTRELLA DE BOEDO ,324,Constitución 4151,5,60
325,FUNDACION NUEVA GENERACION DEL DEPORTE ,325,Quintino Bocayuva 1241,5,60
326,JARDIN DE INFANTES CESAR COLL ,326,Hipólito Yrigoyen 4238,5,61
327,ESC N°16 JOSE M RAMOS MEJIA ,327,Don Bosco 4200,5,61
328,INST SAN ANTONIO ,328,México 4050,5,61
329,INST DEL PROFESORADO SAGRADO CORAZON ,329,Av. La Plata 82,5,61
330,INST SAGRADO CORAZON ,330,Hipólito Yrigoyen 4350,5,61
331,COLEGIO N°10 JOSE DE SAN MARTIN ,331,Quito 4041 / 4047,5,61
332,FUNDACION GUTENBERG ,332,Av. Belgrano 4299 / s/n,5,61
333,ESC N°18 ANTONIO BERMEJO ,333,Av. Belgrano 3767,5,62
334,ESC N°4 SALVADOR M DEL CARRIL ,334,Quintino Bocayuva 620 / Agrelo s/n,5,62
335,ESC N°22 MARTINA GURRUCHAGA ,335,Av. Boedo 657,5,62
336,INST SAN FRANCISCO DE SALES ,336,Hipólito Yrigoyen 3900,5,63
337,COLEGIO PIO IX ,337,Yapeyú 197 / 183,5,63
338,ESEA DE CERAMICA N°1 ,338,Bulnes 45,5,63
339,COLEGIO MARIA AUXILIADORA  GIMNASIO ,339,Castro Barros 175,5,63
340,INSTITUTO CRUZ ROJA ARGENTINA ,340,Moreno 3363,5,63
341,INST SAN FRANCISCO DE SALES  GIMNASIO ,341,Castro Barros 237,5,63
342,ESC N°18 ALEJANDRO CARBO ,342,Mario Bravo 234 / 242,5,64
343,ESC N°22 CARLOS J BENIELLI ,343,Sánchez de Bustamante 260,5,64
344,ESC N°18 ALEJANDRO CARBO  GIMNASIO ,344,Mario Bravo 234 / s/n,5,64
345,INST TIERRA SANTA ,345,Sánchez de Bustamante 124,5,64
346,COLEGIO NAC N°3 MARIANO MORENO ,346,Av. Rivadavia 3577 / Bme. Mitre s/n,5,64
347,ESC N°19 FRANCISCO BALCARCE ,347,Fco. Acuña de Figueroa 850,5,65
348,COLEGIO INMACULADA CONCEPCION ,348,Mario Bravo 563,5,65
349,UTN  SEDE MEDRANO ,349,Av. Medrano 951,5,65
350,INST WILLIAM MORRIS ,350,Lavalle 3761,5,65
351,ESC N°30 DR NORBERTO PIÑERO ,351,Jerónimo Salguero 920,5,65
352,INST NTRA SEÑORA DEL VALLE ,352,San Luis 3358,5,65
353,ESC N°7 JOSE MARIA TORRES ,353,Av. Corrientes 4261,5,66
354,COLEGIO BETANIA ,354,Fco. Acuña de Figueroa 855,5,66
355,COLEGIO GALILEO GALILEI ,355,Estado de Palestina 748,5,66
356,ESC N°20 ROSARIO VERA PEÑALOZA ,356,Pringles 1165,5,66
357,INST CASA DE JESUS ,357,Yatay 869 / Pringles 878,5,66
358,ESC N°23 GRAL MANUEL BELGRANO ,358,Pringles 263,5,67
359,INST BENITO NAZAR ,359,Estado de Palestina 1098,5,67
360,ESC N°3 MANUEL SOLA ,360,Lambare 975,5,67
361,UNIV ARG J F KENNEDY  COLEGIO SARMIENTO ,361,Sarmiento 4550,5,67
362,INST NICHIA GAKUIN  SECUNDARIA ,362,Pringles 268,5,67
363,INST NICHIA GAKUIN  PRIMARIA ,363,Yatay 255,5,67
364,INST SUDAMERICANO MODELO ,364,Rio De Janeiro 671 / s/n,5,67
365,ESC N°11 PCIA DE JUJUY ,365,Roberto Nuñez 4355,5,67
366,ESC Nº7 DEL CENTENARIO ,366,Río de Janeiro 986,6,68
367,ESC Nº17 PTE URIBURU ,367,Av. Ángel Gallardo 246,6,68
368,ESC Nº15 GRAL J G DE ARTIGAS ,368,Dr. Eleodoro Lobos 437,6,68
369,ESC DEL NUEVO SOL ,369,Dr. G. Aráoz Alfaro 373,6,68
370,ESC DE LA PAZ ,370,Venancio Flores 65,6,68
371,INST DIVINO ROSTRO ,371,L. Marechal 1041 / P. Argentinas s/n,6,68
372,ESC DE ENFERMERIA CECILIA GRIERSON ,372,J. B. Ambrosetti 601,6,68
373,CLUB PREMIER ,373,Campichuelo 472,6,68
374,UBA  CBC SEDE RAMOS MEJIA ,374,Ramos Mejia 843,6,68
375,JARDIN DE INFANTES N°1 A FERREYRA ,375,E. Acevedo 609 / Estivao  s/n,6,68
376,ESC Nº11 PTE M T DE ALVEAR ,376,Av. Juan B. Alberdi 163,6,69
377,INST SANTA MARIA ,377,Senillosa 568,6,69
378,ESC Nº3 PRIMERA JUNTA ,378,Av. Rivadavia 4817 / s/n,6,69
379,ESC Nº9 FLORENTINO AMEGHINO ,379,Av. La Plata 623,6,69
380,ESC Nº19 JUAN MONTALVO ,380,Formosa 136,6,69
381,INST CALASANZ ,381,José Bonifacio 56,6,69
382,INST SUMMA ,382,Yerbal 57 / 71,6,69
383,JARDIN DE INFANTES N°2 MARGARITA RAVIOLI ,383,Campichuelo 100,6,69
384,CLUB ITALIANO ,384,Yerbal 150,6,69
385,CLUB OESTE ,385,Av. José María Moreno 446,6,69
386,ESC Nº8 ANTONIO SCHETTINO ,386,Av. José María Moreno 480,6,69
387,INSTITUTO FERRO CARRIL OESTE ,387,Martín de Gainza 331,6,70
388,ESC Nº20 TTE BENJAMIN MATIENZO ,388,Hidalgo 635,6,70
389,ESC Nº14 ERNESTO PADILLA ,389,Felipe Vallese 835,6,70
390,CLUB FERRO CARRIL OESTE ,390,Martín de Gainza 270,6,70
391,CLUB FERRO CARRIL OESTE ,391,Martín de Gainza 260,6,70
392,CLUB FERRO CARRIL OESTE ,392,Martín de Gainza 250,6,70
393,ESC Nº9 ING LUIS A HUERGO ,393,Martín de Gainza 1060,6,70
394,JARDIN DE INFANTES N° 20 LA VELETA DE CABALLITO ,394,Hidalgo 627,6,70
395,COLEGIO INTEGRAL CABALLITO ,395,Dr. J. F. Aranguren 723,6,70
396,ESC Nº4 ESTANISLAO S ZEBALLOS ,396,Av. Rivadavia 4950,6,71
397,COLEGIO Nº17 PRIMERA JUNTA ,397,Av. Rivadavia 5161,6,71
398,LICEO Nº12 FRAY MAMERTO ESQUIU ,398,Av. José María Moreno 345,6,71
399,ESC Nº4 ORG DE ESTADOS AMERICANOS ,399,Del Barco Centenera 747,6,71
400,INST DR DAMASO CENTENO  SECUNDARIA ,400,Av. Rivadavia 5558,6,71
401,ESC Nº14 JOAQUIN V GONZALEZ ,401,Av. Pedro Goyena 984 / Cachimayo 532,6,71
402,JARDIN DE INFANTES N°4 EL TRANVIA DE CABALLITO ,402,Del Barco Centenera 741,6,71
403,INST DR DAMASO CENTENO  PRIMARIA ,403,Av. Rivadavia 5558 / s/n,6,71
404,INSTITUTO EDUCATIVO MODELO ,404,Pasaje San Ireneo 154,6,71
405,ESC Nº8 PCIA DE SAN JUAN ,405,Cnel. Apolinario Figueroa 1077,6,72
406,INST REDEMETRIX CAPTIVORUM ,406,Luis Viale s/n y Espinosa,6,72
407,ESC Nº19 GALICIA ,407,Luis Viale 1052,6,72
408,ESC Nº11 JOSE IGNACIO GORRITI ,408,Nicasio Oroño 1429 / 1431,6,72
409,JARDIN DE INFANTES N°4 ,409,Espinosa 1243,6,72
410,CIRCULO ITALO ARGENTINO LIBER PIEMONT ,410,Gral. Manuel Rodríguez 1191,6,72
411,INST SANTA BRIGIDA ,411,Av. Gaona 2068 / Alte. J. F. Seguí 901,6,73
412,INST MONSEÑOR DILLON ,412,Alte. J. F. Seguí 863 / 823,6,73
413,ESC Nº24 VIRGEN GENERALA ,413,Juan José Biedma 459,6,73
414,ESC Nº25 REP DE GUATEMALA ,414,Mendez de Andes 1451,6,73
415,INST ORSINO ,415,Gral. Lorenzo Vintter 931,6,73
416,CLUB CABALLITO JUNIORS ,416,Nicasio Oroño 566,6,73
417,CLUB UNION MARCHIGIANA ,417,Nicasio Oroño 457,6,73
418,ESC Nº3 HIPOLITO VIEYTES ,418,Cucha Cucha 1050 / 1070,6,73
419,ESC Nº10 ARQ M J BUSCHIAZZO ,419,Felipe Vallese 975,6,73
420,UBA  FACULTAD DE FILOSOFIA Y LETRAS ,420,Puan 480,6,74
421,INST CULTURAL MARIANISTA ,421,Av. Rivadavia 5656,6,74
422,INST ARGENTINO EXCELSIOR ,422,Av. Rivadavia 6028 / s/n,6,74
423,ESC Nº3 M A MONTES DE OCA ,423,Puan 360,6,74
424,ESC Nº4 PTE DR ARTURO ILLIA ,424,Av. Rivadavia 6065,6,74
425,INST MONSEÑOR SABELLI ,425,Victor Martinez 62 / 52,6,74
426,COLEGIO SAN CIRANO ,426,Victor Martínez 30 / Av. Rivadavia 5672,6,74
427,INST PROVOLO ,427,Av. Juan B. Alberdi 1679,6,74
428,UBA ANEXO FACULTAD FILOSOFIA Y LETRAS ,428,José Bonifacio 1339,6,74
429,JARDIN DE INFANTES N°3 LA PORTEÑA ,429,Yerbal 1548,6,74
430,ESC N°7 NIÑAS DE AYOHUMA ,430,Av. Asamblea 1221,7,75
431,INST N°2 PROF F W DICKENS ,431,Av. Curapaligüe 1150,7,75
432,INST MEDALLA MILAGROSA ,432,Av. Curapaligüe 1155 / 1127,7,75
433,CLUB GIMNASIO CHACABUCO ,433,Miro 750 / s/n,7,75
434,CENTRO DE FORMACION PROFESIONAL  N°6 ,434,Av. Asamblea 153,7,76
435,ESC N°22 ANTONIO ZINNY ,435,Salas 565,7,76
436,ESC N°17 PROF R BERNARDELLI ,436,Estrada 627,7,76
437,ESC N°8 LUIS VERNET ,437,Hortiguera 742,7,76
438,ESC N°1 CHACABUCO ,438,Av. Eva Perón 1502,7,76
439,ESC N°15 PCIA DE SALTA ,439,Saraza 1353,7,77
440,ESC N°24 DR FLORIAN OLIVER ,440,Saraza 470,7,77
441,ESC DE FORM EDUCATIVA Y DEPORTIVA ,441,Av. La Plata 1707,7,77
442,ESC N°23 CANADA ,442,Cachimayo 1735,7,77
443,ESC SANTA COLOMA ,443,Santander 1150,7,77
444,ESC N°10 JUAN AGUSTIN MAZA ,444,Cachimayo 1657,7,77
445,CLUB TELEGRAFO Y CRISOL UNIDOS ,445,Saraza 951,7,77
446,ESC N°21 JUAN JOSE PASO ,446,Beauchef 1869,7,77
447,INST SAN JUDAS TADEO ,447,Somellera 1720,7,78
448,ESC N°7 TTE MANUEL FELIX ORIGONE ,448,Pumacahua 1247,7,78
449,ESC N°4 A TATIN RAVELLO ,449,Victor Martinez 1780,7,78
450,CLUB PEÑAROL ,450,Zañartu 1547,7,78
451,COLEGIO N°9 JUSTO JOSE DE URQUIZA ,451,Condarco 290 / Bacacay s/n,7,79
452,ESC N°1 JULIO CORTAZAR ,452,Bogotá 2759,7,79
453,CENTRO DE FORMACION PROFESIONAL N° 24 ,453,Moron 2538,7,79
454,COLEGIO SCHONTHAL ,454,Av. Nazca 537 / 555,7,79
455,ESC N° 5 REP. DE SALVADOR ,455,Gral. J. G. de Artigas 878,7,80
456,INST MONSEÑOR ANEIROS DE SAN JOSE ,456,Felipe Vallese 2549,7,80
457,ESC N°5 JUAN B PEÑA ,457,M. R. Trelles 948,7,80
458,ESC N°12 FACUNDO ZUVIRIA ,458,Franklin 1836,7,80
459,ESC N°15 CNEL C T SOURIGUES ,459,J. F. Aranguren 2400 / F. C. Rodriguez s/n,7,81
460,ESC PARA EL HOMBRE NUEVO ,460,Granaderos 168,7,81
461,INST NTRA SRA DE LOURDES ,461,Av. Rivadavia 6270,7,81
462,COLEGIO LA OBRA ,462,Caracas 325,7,81
463,ESC N°12 PCIA DEL CHACO ,463,Av. Avellaneda 2547,7,81
464,INST ANA MARIA JANER ,464,Av. Juan Bautista Alberdi 2555 / s/n,7,82
465,ESC N°9 JOSE MARIA PAZ ,465,Cnel. Ramón  L. Falcón 2934,7,82
466,ASOC ESPAÑOLA DE SOCORROS MUTUOS ,466,Pedernera 143,7,82
467,JARDIN DE INFANTES N°1 ,467,Av. San Pedrito 341,7,82
468,ESC N°8 CNEL ING PEDRO CERVIÑO ,468,Av. Varela 358,7,82
469,COLEGIO DEL LIBERTADOR ,469,Av. Directorio 2959 / s/n,7,82
470,COLEGIO LIMERICK ,470,Av.Varela 265 / s/n,7,82
471,INST SAN JOSE DE FLORES ,471,José Bonifacio 2475 / s/n,7,83
472,ESC N°15 REP ORIENTAL DEL URUGUAY ,472,Av. Carabobo 253,7,83
473,LICEO N°5 PASCUAL GUAGLIANONE ,473,Av. Carabobo 286 / José Bonifacio s/n,7,83
474,ESC N°19 LEANDRO N ALEM ,474,Fray Cayetano Rodríguez 95 / s/n,7,83
475,ESC N°5 R DE ESCALADA DE SAN MARTIN ,475,Av. Juan B. Alberdi 1845,7,83
476,ESC N°9 JOSE INGENIEROS ,476,Cnel. Ramón L. Falcón 2248,7,83
477,INST SARA CHAMBERLAIN DE ECCLESTON ,477,Av. Carabobo 58,7,83
478,ESC N°21 CAP HIPOLITO BOUCHARD ,478,Pumacahua 390,7,83
479,ESC N°6 DR CARLOS VAZ FERREIRA ,479,Av. Varela 1040,7,84
480,ESC N° 16 SANTA CRUZ Y ESPEJO ,480,Primera Junta 3445,7,84
481,ESC N°12 RECONQUISTA ,481,Av. Varela 753,7,84
482,ESC N°10 ING OCTAVIO S PICO ,482,Lafuente 559,7,84
483,ESC N° 5 A G DE RYAN ,483,Portela 734,7,84
484,CLUB PEDRO ECHAGÜE ,484,Portela 836,7,84
485,FLORES CLUB ,485,Quirno 947,7,84
486,INST NTRA SRA DE LUJAN ,486,Av. Carabobo 967,7,85
487,INST G DE HONOR DEL SANTISIMO ROSARIO ,487,Lautaro 824,7,85
488,ESC N°24 DR PEDRO A TORRES ,488,Lautaro 752 / s/n,7,85
489,INST NTRA SRA DE LA MISERICORDIA ,489,Camacua 493,7,85
490,INST VIRGINIO F GREGO ,490,Av. Directorio 2220,7,85
491,ESC N°4 BENJAMIN ZORRILLA ,491,San Pedrito 1415 / 1425,7,86
492,ESC N°23 GRAL SAVIO ,492,San Pedrito 1137,7,86
493,COLEGIO ARMENIO ARZRUNI ,493,Jose Marti 1580,7,86
494,INST SANTA CLARA ,494,Zuviria 2660,7,86
495,ESC N°22 HIPOLITO BOUCHARD ,495,Avelino Diaz 2356,7,86
496,ESC N°3 PROF CARLOS GENISO ,496,Agustín de Vedia 2519,7,86
497,ESC N°13 FRANCISCO JACQUES ,497,Lautaro 1440,7,86
498,CLUB DAOM ,498,Av. Varela 1802,7,86
499,CLUB SAN LORENZO DE ALMAGRO ,499,Av. Fernández de la Cruz  2145,7,86
500,ESC N°4 RICARDO GÜIRALDES ,500,Av. Riestra 1850,7,86
501,COLEGIO ARMENIO ARZRUNI  GIMNASIO ,501,Jose Marti 1561,7,86
502,INST ELISA HARILAOS ,502,San Pedrito 1347 / s/n,7,86
503,INST COREANO ARGENTINO ,503,Av. Asamblea 1840,7,86
504,INST SANTA CLARA  GIMNASIO ,504,Culpina 1410 / s/n,7,86
505,ESC N° 9 DR JOSE BENJAMIN ZUBIAUR ,505,Carlos Berg 3460,8,87
506,ESC N° 14 C MARIA REMEDIOS DEL VALLE ,506,Av. Int. Francisco Rabanal 2751,8,87
507,ESC N° 8 DR LUIS FEDERICO LELOIR ,507,Av. Int. Francisco Rabanal 2275,8,87
508,INST SAN JOSE ,508,Corrales 3188,8,87
509,ESC N° 17 GASPAR LUCILO BENAVENTO ,509,Corrales 3420 / s/n,8,87
510,ESC N° 18 SAN JUAN BAUTISTA DE LA SALLE ,510,Corrales 3450,8,87
511,INST CRISTO OBRERO ,511,Lafuente 3202,8,87
512,ESC N° 15 EVARISTO CARRIEGO ,512,Portela 3150,8,87
513,INST NTRA SRA DE FATIMA ,513,Portela 2750,8,87
514,ESC N°5 DE REINGRESO ,514,Av. F. Fernández de la Cruz 3605,8,87
515,ESC N°20 MAESTRO C A CARRANZA ,515,Martinez Castro 3061,8,87
516,ESC N°19 DR ARTURO JAURETCHE ,516,Martínez Castro 3067,8,87
517,ESC N°21 MAESTRO GUILLERMO BARROS ,517,Mariano Acosta 2976,8,87
518,ESC N°19 RENE FAVALORO ,518,Cnel. M. Chilavert 2690,8,87
519,INST NTRA SRA DE LAS GRACIAS ,519,Cóndor 2132,8,87
520,CLUB JUVENTUD UNIDA VILLA SOLDATI ,520,Av. Int. Francisco Rabanal 2821,8,87
521,INST ISAAC BAKCHELLIAN ,521,Corrales 2527,8,87
522,INST CRISTO OBRERO  GIMNASIO ,522,Cóndor 2947,8,87
523,CLUB JOSE SOLDATI ,523,Lafuente 2931,8,87
524,ESC N° 13 DR ALFREDO LANARI ,524,Av. Piedra Buena 4863 / 4873,8,88
525,ESC N° 16 DR SOFANOR N CORVALAN ,525,Berón de Astrada 6351,8,88
526,COLEGIO MACNAB BERNAL  SECUNDARIA ,526,Itaquí 6900,8,88
527,COLEGIO MACNAB BERNAL  PRIMARIA ,527,Av. F. Fernández de la Cruz 6880,8,88
528,INST SAGRADA FAMILIA ,528,Cosquín 4951 / s/n,8,88
529,ESC N°18 JORGE NEWBERY ,529,Av. Cnel. Roca 5898,8,88
530,CLUB EL IDEAL ,530,Montiel 5142,8,88
531,ESC N° 13 ING JOSE LUIS DELPINI ,531,Cnel. M. Chilavert 5460,8,89
532,ESC N° 3 CRISTOBAL COLON ,532,Av. Larrazábal 4051,8,89
533,ESC N° 4 PCIA DE TUCUMAN ,533,Av. Riestra 5030,8,89
534,INST PARROQUIAL MARIO F ALSINA ,534,Martiniano Leguizamón 4030,8,89
535,ESC N° 15 DR CARLOS ALBERTO VERONELLI ,535,Cafayate 5388,8,89
536,ESC DE BELLAS ARTES LOLA MORA ,536,Av. Soldado de la Frontera 5155,8,89
537,ESC N° 10 ITALO AMERICO FORADORI ,537,Av. Larrazábal 5001,8,89
538,ESC N° 5 ARMADA ARGENTINA ,538,Av. Larrazábal 4520,8,89
539,ESC N° 1 CONCEJAL ALBERTO SALVATORI ,539,Cafayate 5115,8,89
540,ESC N° 9 HECTOR PANIZZA ,540,Berón de Astrada 5920,8,89
541,ESC N° 6 REP DE LA INDIA ,541,Nicolás Descalzi 5425,8,89
542,ESC N°35 LEOPOLDO MARECHAL ,542,Av. Larrazabal 5140,8,89
543,ESC N°2 MAESTRO LUIS VICENTE ,543,Av. Larrazabal 5430,8,89
544,ESC N°14 DR RICARDO LEVENE ,544,Cañada de Gómez 4548,8,89
545,CLUB YUPANQUI ,545,Guamini 4502 / 4512,8,89
546,UBA  CBC SEDE LUGANO ,546,Cam. Parque Victoria 5347,8,89
547,CLUB ATLETICO LUGANO ,547,Jose Ignacio Rucci 4170,8,89
548,CLUB LOMAS DE LUGANO ,548,Albariño 3619,8,89
549,JARDIN DE INFANTES N°3 ,549,Av. Piedra Buena 3100,8,90
550,JARDIN DE INFANTES N°1 SUDAMERICA ,550,Zuviría 6680,8,90
551,UTN CAMPUS UNIVERSITARIO ,551,Mozart 2300,8,90
552,ESC N° 15 REP ARGENTINA ,552,Av. Castañares 4689,8,90
553,ESC N° 21 SOLDADO DE MALVINAS ,553,Goleta Santa Cruz 6999,8,90
554,ESC N° 20 DRA A MOREAU DE JUSTO ,554,Goleta Santa Cruz 6997,8,90
555,INST NTRA SRA DE LA PAZ ,555,Av. Piedra Buena 3595,8,90
556,ESC N° 11 PONCIANO VIVANCO ,556,Oliden 2851,8,90
557,ESC N° 12 JUAN XXIII ,557,Aquino 6040,8,90
558,ESC N° 9 HOMERO MANZI ,558,Miralla 2666,8,90
559,INST DON ORIONE ,559,Av. Piedra Buena 3848,8,90
560,ESC N° 8 JUDITH Y DEMETRIO DEMARCHI ,560,José Ignacio Rucci 3961,8,90
561,ESC N° 22 STA MARIA DE LOS BUENOS AIRES ,561,Echeandía 5650,8,90
562,ESC N° 6 AMERICA ,562,Av. Escalada 2890,8,90
563,CLUB PAMPERO ,563,Av. Larrazabal 3033,8,90
564,CLUB LUGANO TENIS ,564,Zelarrayan 5740,8,90
565,MIN DE DESARROLLO HUMANO Y HABITAT ,565,Av. Piedra Buena 3280,8,90
566,ESC N°2 PAMPERO ,566,Cañada de Gómez 3850,8,90
567,ESC N°24 ,567,Zuviría 6590,8,90
568,CLUB NUEVA ESTRELLA ,568,Santander 4602,8,90
569,ESC N°1 CONGRESO DE LA NACION ,569,Zuviría 6550,8,90
570,ESC N°5 ROBERTO BILLINGHURST ,570,Zinny 1641,9,91
571,ASOC DE FOMENTO MARIANO ACOSTA ,571,Av. Mariano Acosta 1544,9,91
572,INST PARROQUIAL MADRE DE DIOS ,572,Saravia 2335,9,91
573,ESC N°8 REINO DE THAILANDIA ,573,Homero 2159,9,91
574,INST SUP DE SEGURIDAD PUBLICA ,574,Av. Santiago De Compostela 3801,9,91
575,CLUB AMERICA DEL SUD ,575,Francisco Bilbao 3760 / s/n,9,92
576,ESC N°11 DR PEDRO GOYENA ,576,Gregorio de Laferrere 3624,9,92
577,ESC N°17 BRIG GRAL C SAAVEDRA ,577,Av. Lacarra 535,9,92
578,INST LUJAN PORTEÑO ,578,Francisco Bilbao 3474 / 3476,9,92
579,ESC N°17 JUAN GALO LAVALLE ,579,Gral. Eugenio Garzón 3946 / 3950,9,92
580,ESC N°20 ANTONIO ALICE ,580,B. Fernández Moreno 3652,9,92
581,ESC N°16 TOMAS LE BRETON ,581,Gral. Eugenio Garzón 4346,9,93
582,INST NTRA SRA DE LOS REMEDIOS ,582,Francisco Bilbao 4310,9,93
583,ESC N°10 ANTONIO ZACCAGNINI ,583,Av. Lacarra 1135,9,93
584,ESC N°18 DRA ELVIRA RAWSON DE DELLEPIANE ,584,San Pedro 4457,9,93
585,ALVEAR CLUB ,585,José Enrique Rodó 4190,9,94
586,ALVEAR CLUB ANEXO ,586,Av. Directorio 4147 / Fernández s/n,9,94
587,ESC N°8 P ALBARRACIN DE SARMIENTO ,587,Pio Collivadino 436,9,94
588,ESC N°24 SARA DE ELIA DE GIMENEZ ,588,Av. Bruix 4620,9,94
589,ESC N°20 SARGENTO JUAN B CABRAL ,589,Homero 1157,9,94
590,ESC N°21 PEDRO INCHAUSPE ,590,José Enrique Rodó 4431,9,94
591,ASOC JOSE HERNANDEZ ,591,Oliden 1632,9,95
592,ASOC DE FOMENTO CORVALAN ,592,Tapalque 5147,9,95
593,INST SAN PIO X ,593,Manuel Artigas 5261,9,95
594,ESC N°4 REP DEL BRASIL ,594,Manuel Artigas 5951,9,95
595,INST CALASANCIO DIVINA PASTORA ,595,Manuel Artigas 6124,9,95
596,LICEO N°8 ESTEBAN ECHEVERRIA ,596,Murguiondo 1568 / Oliden s/n,9,95
597,ESC N°13 PROF LUZ VIEIRA MENDEZ ,597,Bragado 5350,9,95
598,ESC N°2 PATRIA GRANDE ,598,Chascomús 5598,9,95
599,ESC N°3 DR EDUARDO L HOLMBERG ,599,Av. Larrazabal 1556 / Larraya 1555,9,95
600,INST SAN VICENTE DE PAUL ,600,Oliden 1440,9,95
601,INST PLACIDO MARIN ,601,Av. Larrazabal 1551 / 1555,9,95
602,CLUB BRISAS DEL SUD ,602,Guardia Nacional 1956,9,96
603,ESC N°12 PRESBITERO MONTES CARBALLO ,603,Larraya 2055,9,96
604,ESC N°14 JOSE ANTONIO CABRERA ,604,San Pedro 5845,9,96
605,CLUB ARGENTINO ,605,Albariño 2253,9,96
606,ESC N° 19 CAJA NAC DE AHORRO Y SEGURO ,606,Albariño 2062,9,96
607,CLUB DEL PLATA ,607,Araujo 1879,9,96
608,ESC N°6 PROF FELIPE BOERO  ADULTOS ,608,Av. Eva Perón 7431,9,97
609,ESC N°14 ISLAS MALVINAS ,609,Av. de los Corrales 7040,9,97
610,ESC N°11 EMILIO VON BEHRING ,610,Av. Cnel. Cárdenas 2652,9,97
611,ESC N°6 PROF FELIPE BOERO ,611,Av. Eva Perón 7449,9,97
612,ESC N°20 POLO ED MATADEROS  SECUNDARIA ,612,P. de los Artistas s/n y Av. Directorio s/n,9,97
613,ESC N°23 POLO ED MATADEROS  PRIMARIA ,613,P. de los Artistas s/n y Remedios s/n,9,97
614,ESC N°19 ROMA ,614,Cosquin 3100,9,97
615,CENTRO DE FORMACION PROF N°4 ,615,Carhué 2970,9,97
616,ESC N°5 VICENTE LOPEZ Y PLANES ,616,Tandil 6690,9,97
617,CLUB GRAL LAMADRID ,617,Carhué 2049,9,98
618,INST SAN FELIPE NERI ,618,Andalgalá 2264,9,98
619,ESC N°16 DR MARTINIANO LEGUIZAMON ,619,Martiniano Leguizamón 1470,9,98
620,INST MARIA ANA MOGAS ,620,Guaminí 1850,9,98
621,INST NTRA SRA DE LUJAN DE LOS PATRIOTAS ,621,Ercilla 7195,9,98
622,ESC N° 13 REP DE FILIPINAS ,622,Cosquín 1943,9,98
623,CLUB GLORIAS ARGENTINAS ,623,Bragado 6875,9,98
624,ESC N°7 ARISTOBULO DEL VALLE ,624,Carhué 2157 / s/n,9,98
625,CLUB 25 DE MAYO 1810 ,625,Cosquín 1661,9,98
626,CLUB BRISAS DE LINIERS ,626,Montiel 1382,9,99
627,CLUB ATLETICO JUVENTUD DE LINIERS ,627,Montiel 1174,9,99
628,CLUB MERLOT ,628,Cafayate 758,9,99
629,INST SAN JOSE SECUNDARIO ,629,Murguiondo s/n  y Ercilla s/n,9,99
630,ESC N°1 DE LA INDEPENDENCIA ARGENTINA ,630,Guaminí 1167,9,99
631,ESC N°10 ALFONSINA STORNI ,631,Av. Lisandro de la Torre 1171,9,99
632,INST SAN JOSE PRIMARIO ,632,Av. Emilio Castro 6351,9,99
633,CLUB LARRAZABAL ,633,Av. Larrazábal 829,9,100
634,ASOC DE FOMENTO SANTIAGO DE LINIERS ,634,Caaguazú 6151,9,100
635,ESC N°8 DR D VELEZ SARSFIELD ,635,Fonrouge 370,9,100
636,ESC N°32 JOSE L SUAREZ ,636,Acassuso 5860,9,100
637,ESC N°18 REP DE COREA ,637,Murguiondo 76,9,100
638,ESC N°9 JOSE MARIA TORRES ,638,Av. Larrazábal 420,9,100
639,ESC DE DANZA N°1 PROF NELLY RAMICONE ,639,Fonrouge 711,9,100
640,ESC N°15 REP ISLAMICA DE PAKISTAN ,640,Av. Lisandro de la Torre 550,9,101
641,INST NTRA SRA DE LAS NIEVES ,641,Ventura Bosch 6651 / 6653,9,101
642,ESC N°2 FCO MELITON ALVAREZ ,642,Montiel 1041,9,101
643,ESC N°22 PCIA DE SANTA CRUZ ,643,Cuzco 116,9,101
644,ESC N°20 M SANCHEZ DE LORIA ,644,Barragán 366,9,101
645,ESC N°4 GRAL FELIX DE OLAZABAL ,645,Cnel. Ramón L. Falcón 6702,9,101
646,ESC N°17 CARLOS MOREL ,646,Ibarrola 7249,9,101
647,INST DR D VELEZ SARSFIELD ,647,Av. Reservistas Argentinos 249,9,101
648,ESC N°3 REP FRANCESA ,648,Montiel 153,9,101
649,INST SAN CAYETANO ,649,Cuzco 176,9,101
650,ESC N°13 CNEL TOMAS ESPORA ,650,Gallardo 149,9,101
651,LA FABRICA DEPORTIVA ,651,Roma 560,10,102
652,ESC N° 16 J F KENNEDY ,652,Bruselas 721,10,102
653,ESC N° 25 ESTADOS UNIDOS ,653,Bruselas 785,10,102
654,INST NTRA SRA DEL BUEN Y PERPETUO SOCORRO ,654,Irigoyen 1143 / Miranda 5755,10,102
655,ESC N° 24 MAIPU ,655,Gallardo 521,10,102
656,ESC N°14 GUILLERMO HUDSON ,656,Arregui 6840,10,102
657,ESC N°14 SIMON BOLIVAR ,657,Tinogasta 5768,10,103
658,ESC CRISTIANA EVANGELICA ARGENTINA ,658,Irigoyen 2150 / Pedro Lozano s/n,10,103
659,ESC N° 13 PREFECTURA NAVAL ARGENTINA ,659,Simbrón 5821,10,103
660,ESC N°2 RUMANIA ,660,Manuel Porcel de Peralta 1437,10,103
661,JARDIN DE INFANTES N°5 ,661,Cnel. Ramón Lista 5448,10,103
662,ESC INTERDISCIPLINARIA N°17 ,662,Cnel. Ramón Lista 5450,10,103
663,CLUB JORGE NEWBERY ,663,Irigoyen 2092,10,103
664,CLUB VILLA REAL ,664,Tinogasta 5739,10,103
665,ESC N°1 MARTIN FIERRO ,665,Martín Fierro 5351,10,104
666,ESC N°35 INGENIERO E LATZINA ,666,Av. Lope de Vega 2150 / Baigorria 5360,10,104
667,ESC N°27 HIPOLITO YRIGOYEN ,667,Virgilio 1980,10,104
668,ESC N°33 MAIPU ,668,Av. Alvarez Jonte 5075,10,104
669,ESC N°18 GENDARMERIA NACIONAL ,669,Juan Agustín Garcia 5265,10,104
670,ESC CRISTIANA DE LA PUERTA ABIERTA  SECUNDARIA ,670,Cervantes 2282,10,104
671,ESC CRISTIANA DE LA PUERTA ABIERTA  PRIMARIA ,671,Santo Tome 5130,10,104
672,ESC N°9 PCIA DE MISIONES ,672,Lascano 4044,10,105
673,ESC Nº29 DR OSVALDO MAGNASCO ,673,Chivilcoy 1820,10,105
674,ESC N° 3 MONTE CASTRO ,674,Av. Álvarez Jonte 4651,10,105
675,ESC N° 17 TTE GRAL L M CAMPOS ,675,Santo Tomé 4529,10,105
676,ESC N° 2 ALEJANDRO AGUADO ,676,Cervantes 1911 / s/n,10,105
677,ESC N° 24 ROBERTO M ORTIZ ,677,Bahía Blanca 2535,10,105
678,COLEGIO NUEVOS AYRES ,678,Bahía Blanca 2246,10,105
679,INST SAN RAFAEL ,679,Benito Juárez 2159,10,105
680,ESC N° 30 DR ESTEBAN A GASCON ,680,San Blas 5387 / Victor Hugo s/n,10,106
681,INST SACRATISIMO CORAZON DE JESUS ,681,Moliere 856,10,106
682,CLUB VILLA LURO NORTE ,682,Elpidio González 5445,10,106
683,CLUB STENTOR ,683,Pje. Camoati s/n /  Victor Hugo,10,106
684,ASOC LOS AMIGOS DE VILLA LURO ,684,Cnel. Ramón L. Falcón 5176,10,107
685,ESC N° 7 REP ARABE DE EGIPTO ,685,Av. Rivadavia 9799,10,107
686,ESC N° 1 PROF JOSE ONAINDIA ,686,Rafaela 5159,10,107
687,ESC N°7 RECUERDOS DE PROVINCIA ,687,Av. Juan B. Alberdi 4755,10,107
688,ESC N°6 CARLOS GUIDO Y SPANO ,688,Cnel. Ramón L. Falcón 4801,10,107
689,ESC N° 12 PROF RAMON GENE ,689,García de Cossio 5570,10,107
690,ESC MODELO D F SARMIENTO  GIM ,690,Av. Rivadavia 9452,10,107
691,ESC N° 8 BASE AEREA V C MARAMBIO ,691,Yerbal 4965,10,107
692,ESC N° 10 ADA MARIA EFLEIN ,692,Dr. Luis Belaustegui 4949,10,108
693,INST SAN RAMON NONATO ,693,Cervantes 1168,10,108
694,ESC N°4 CASIMIRO A MACIEL ,694,Marcos Paz 1732,10,108
695,INST CRISTO REY ,695,Larroque de Roffo 4736,10,108
696,ESC N°15 MANUEL PEÑA ,696,Av. Segurola 1104,10,108
697,ASOCIACION GIOVANNI GENTILE ,697,Juan Agustín García 5270,10,108
698,CLUB CANBA ,698,San Blas 4577,10,108
699,INST JUAN BAUTISTA BERTHIER ,699,Bacacay 4723,10,109
700,INST SANTISIMO SACRAMENTO ,700,Bacacay 4890,10,109
701,ESC N° 1 JOSE A FERREIRA ,701,Cnel. Ramón L. Falcón 4126,10,109
702,ESC N° 2 MAXIMIO SABA VICTORIA ,702,Cnel. Ramón L. Falcón 4151,10,109
703,INST NTRA SRA DEL MILAGRO ,703,Rafaela 3865,10,109
704,ESC N°3 ANGELA M DE CAVIGLIA ,704,Mariano Acosta 45,10,109
705,SEMINARIO INT TEOLOGICO BAUTISTA  SUM ,705,Bolaños 150,10,109
706,SEMINARIO INT TEOLOGICO BAUTISTA ,706,Cnel. Ramón L. Falcón 4080,10,109
707,INST ESPIRITU SANTO ,707,Gómez de Fonseca 309,10,109
708,ESC DE ARTE ROGELIO YRURTIA ,708,Cajaravilla 4158,10,109
709,ESC N° 10 CNEL DE MARINA L ROSALES ,709,Mercedes 1405,10,110
710,ESC N° 16 ERNESTO A BAVIO ,710,Bahia Blanca 1551,10,110
711,ESC N° 11 REP DE PERU ,711,Gaona 4763,10,110
712,ESC N° 13 CNEL J A MELIAN ,712,Camarones 4351,10,110
713,ESC N° 11 ANDRES BELLO ,713,Dr. Luis Belaustegui 3751,10,110
714,ESC INTERDISCIPLINARIA N°18 ,714,San Blas 4356,10,110
715,ESC N° 24 PADRE CASTAÑEDA ,715,Morón 3745,10,111
716,COLEGIO N°18 DR A LARROQUE ,716,Morón 4149,10,111
717,ESC N° 23 REP DE PORTUGAL ,717,Gualeguaychú 550,10,111
718,INSTITUTO LA CANDELARIA  SECUNDARIA ,718,Bahia Blanca 363,10,111
719,INSTITUTO LA CANDELARIA  PRIMARIA ,719,Dr. J. F. Aranguren 4015,10,111
720,ESC N° 9 M FERNANDEZ ,720,Bacacay 3542,10,112
721,ESC N° 3 EMILIO GIMENEZ ZAPIOLA ,721,Joaquín V. González 180,10,112
722,COLEGIO NTRA SRA DE LA PAZ ,722,Pergamino 53,10,112
723,ESC N° 19 FRAGATA ARA LIBERTAD ,723,José Bonifacio 3650,10,112
724,INST SANTA RITA  GIMNASIO ,724,Paula Albarracín de Sarmiento 3444,11,113
725,ESC N° 18 PCIA DE TIERRA DEL FUEGO ,725,Julio S. Dantas 3260,11,113
726,ESC N°16 DRA CAROLINA TOBAR GARCIA ,726,Camarones 3559,11,113
727,UNION ARGENTINA DE SORDOMUDOS ,727,Cuenca 1750,11,113
728,CLUB GIM Y ESG DE VELEZ SARSFIELD ,728,J. V. González 1511 / A. M. Cervantes s/n,11,113
729,INST CARLOS STEEB ,729,Camarones 3166,11,114
730,ESC N° 7 REP DE MEXICO ,730,Juan A. García 2755 / Pje. Calfucurá s/n,11,114
731,ESC N° 7 JORGE NEWBERY ,731,San Blas 2962,11,114
732,ESC N° 17 C DE RODRIGUEZ PEÑA ,732,A. Magariños Cervantes 2865,11,114
733,ESC N° 25 ALFREDO D ZUNDA ,733,R. de Escalada de San Martín 2986,11,114
734,ESC N° 8 QUINTINO BOCAYUVA ,734,Gral. César Díaz 3050,11,114
735,CLUB IMPERIO JUNIORS ,735,Gral. César Díaz 3047,11,114
736,ESC N° 14 ENRIQUE PARKER ,736,Condarco 1129,11,115
737,ESC N° 4 PCIA DE LA PAMPA ,737,Caracas 1249,11,115
738,ESC INTERDISCIPLINARIA N° 12 ,738,Gavilán 1464,11,115
739,ESC N° 6 ALFREDO PALACIOS ,739,Caracas 2057,11,115
740,INST NTRA SRA DE LA SAGRADA FAMILIA ,740,Gral. J. G. de Artigas 1276,11,115
741,CLUB VILLA MITRE ,741,Gavilán 1540,11,115
742,INST CABRINI ,742,Remedios de Escalada 2059,11,116
743,ESC N°16 FRAY J SANTA MARIA DE ORO ,743,Av. Álvarez Jonte 1964,11,116
744,ESC N°18 COMODORO C URTUBEY ,744,A. Magariños Cervantes 1556,11,116
745,ESC N°13 LEOPOLDO MARECHAL ,745,Galicia 1857,11,116
746,ESC N°9 JAPON ,746,Sanchez 1858,11,116
747,ESC N°17 SANTA MARIA DE LOS BS AS ,747,Fragata Pte. Sarmiento 1817,11,116
748,ESC FISHBACH ,748,Juan. A. García 2044,11,116
749,ESC N°21 ROMPEHIELOS GRAL SAN MARTIN ,749,Santo Tomé 2836,11,117
750,ESC N°3 POLICIA FEDERAL ARGENTINA ,750,Argerich 2849,11,117
751,ESC N°26 DELFINA MITRE DE VEDIA ,751,Caracas 2372,11,117
752,ESC N°10 ERNESTO GALLONI ,752,Helguera 2435,11,117
753,ESC N°24 FRANCISCO BEIRO ,753,Bolivia 2569,11,117
754,CLUB VILLA SAHORES ,754,Santo Tomé 2496,11,117
755,CLUB RACING DE VILLA DEL PARQUE  FUTBOL ,755,Helguera 2841,11,117
756,CLUB RACING DE VILLA DEL PARQUE  BASQUET ,756,Helguera s/n y Nogoyá,11,117
757,COLEGIO NUEVO PENSAR ,757,Nogoyá 2620,11,118
758,INST SAN JOSE DE VILLA DEL PARQUE ,758,Pedro Lozano 3151,11,118
759,ESC N°17 RODOLFO RIVAROLA ,759,Helguera 3341,11,118
760,ESC N° 2 PROF JUAN JOSE MILLAN ,760,Helguera 3228,11,118
761,ESC N°8 ALTE BLANCO ENCALADA ,761,Emilio Lamarca 3379,11,118
762,INST EVANGELICO AMERICANO ,762,Helguera 3246,11,118
763,ESC N°2 D F SARMIENTO ,763,Pedro Lozano 3056,11,118
764,ESC N°1 DR DELLEPIANE ,764,Baigorria 3169,11,119
765,ESC N°24 DEFENSA DE BUENOS AIRES ,765,Ricardo Gutiérrez 3246,11,119
766,CLUB G Y E DE VILLA DEL PARQUE ,766,Tinogasta 3455,11,119
767,CLUB EL ALBA ,767,J. V. Gonzalez 2469,11,119
768,CLUB PACIFICO ,768,Santo Tomé 3851,11,119
769,COLEGIO SANTISIMA VIRGEN NIÑA ,769,Cuenca 2651,11,119
770,INST JUAN B JUSTO ,770,Lascano 3840,11,119
771,CLUB SOCIAL Y DEPORTIVO PEDRO LOZANO ,771,Gualeguaychú 2902,11,120
772,COLEGIO N° 19 LUIS PASTEUR ,772,Navarro 4344,11,120
773,VILLA DEVOTO SCHOOL ,773,Pedro Morán 4447,11,120
774,ESC N°9 BENITO JUAREZ ,774,Benito Juárez 2702,11,120
775,ESC N°4 R RUIZ DE LOS LLANOS ,775,Av. Francisco Beiró 4548,11,120
776,UNION DEVOTO SOCIAL ALLENDE ,776,Melincué 4656,11,120
777,ESC N°11 DR JOSE PERALTA ,777,Pedro Lozano 4250,11,120
778,ESC DEL MIRADOR ,778,Fernández de Enciso 3565,11,120
779,ESC N°20 PEDRO MEDRANO ,779,Nueva York 4713,11,121
780,ESC N°16 PADRE A NORES ,780,Cnel. Ramón Lista 5256,11,121
781,ESC N°19 BARTOLINA SISA ,781,Av. Salvador María del Carril 4957,11,121
782,ESC N°22 PROF PEDRO L COMI ,782,Tinogasta 5046,11,121
783,INST SAN RAFAEL ,783,Simbrón 5275,11,121
784,ESC N° 6 ESTADO DE ISRAEL ,784,Calderon de la Barca 3073,11,121
785,ESCUELA HOGAR SAN RAFAEL ,785,Calderón de la Barca 3056,11,121
786,CLUB GRAL LAMADRID ,786,Desaguadero 3120,11,121
787,INST NTRA SRA DE LA MISERICORDIA ,787,Asunción 3780,11,122
788,ESC N° 3 ANTONIO DEVOTO ,788,Mercedes 4002,11,122
789,INST CARDENAL COPELLO ,789,Nueva York 3433,11,122
790,ESC N° 15 ANTONIO DEVOTO ,790,Nueva York 4169,11,122
791,EBDA BARTOLOMEO AYROLA ,791,Lincoln 4325,11,122
792,ESC N°23 ABEL AYERZA ,792,Av. Salvador M. del Carril 3650,11,122
793,ESC N° 1 DR DELFIN GALLO ,793,Fernández de Enciso 4451,11,123
794,ESC N° 2 REP DE PANAMA ,794,Av. San Martín 6387 / 6365,11,123
795,ESC N° 5 GABRIELA MISTRAL ,795,José León Cabezón 3446,11,123
796,ESC N° 15 REP DE VENEZUELA ,796,Obispo San Alberto 3370,11,123
797,INST SAN JOSE ,797,Emilio Lamarca s/n y Fernández de Enciso,11,123
798,ESC N° 16 RICARDO ROJAS ,798,Gabriela Mistral 3376 / s/n,11,123
799,ESC N°8 SAN JUAN BOSCO ,799,Mercedes 4966,11,123
800,ESC N°1 RODOLFO WALSH ,800,Argerich 5651,12,124
801,INST DAMASA ZELAYA DE SAAVEDRA ,801,Av. Albarellos 2367 / Zamudio s/n,12,124
802,ESC N°13 HILARION M MORENO ,802,Gral. J. G. de Artigas 5645,12,124
803,INST NTRA SRA DE LUJAN ,803,Cochrane 2353 / 2371,12,124
804,ESC N°23 BELISARIO ROLDAN ,804,Franco 2390,12,124
805,ESC N°22 REP DE NICARAGUA ,805,Bazurco 2551,12,124
806,JARDIN DE INFANTES N°1 PROF L SIXTO CLARA ,806,Cuenca 5049,12,124
807,INST POLITECNICO MODELO ,807,Av. de los Constituyentes 5880,12,124
808,ESC N°17 G M Y DEL SER DE SAN MARTIN ,808,Vallejos 2555,12,125
809,INST NTRA SRA DEL HUERTO ,809,Av. Gral. Mosconi 3022 / s/n,12,125
810,ESC N°16 GRAL MOSCONI ,810,Av. Gral. Mosconi 2641,12,125
811,ESC N°2 AGUSTIN TOSCO ,811,Zamudio 4386,12,125
812,ESC N°19 T SANCHEZ DE BUSTAMANTE ,812,Gavilán 4246,12,125
813,COLEGIO RAICES ,813,Gavilán 4455,12,125
814,ESC N°24 EJERCITO ARGENTINO ,814,Av. Nazca 5168,12,125
815,ASOC DE FOMENTO PUEYRREDON ,815,Bazurco 2922,12,125
816,ESC N°14 LEOPOLDO LUGONES ,816,Juramento 5775 / Ceretti 2025,12,125
817,ESC N°18 HELENA LARROQUE DE ROFFO ,817,Medeyros 3555,12,126
818,ESC N°12 CARDENAL PACELLI ,818,Crisólogo Larralde 5934,12,126
819,ESC N°17 GAUCHOS DE GÜEMES ,819,José P. Tamborini 5324,12,126
820,ESC N°9 REP DE IRLANDA ,820,Iberá 5734,12,126
821,CLUB SIN RUMBO ,821,José P. Tamborini 6157,12,126
822,ESC N°6 LUIS PASTEUR ,822,Nahuel Huapi 5740,12,126
823,CLUB PENACHO AZUL ,823,José P. Tamborini 5676,12,126
824,CLUB RIO DE LA PLATA ,824,Iberá 5257,12,126
825,CLUB CIRCULO GRAL URQUIZA ,825,Franklin D. Roosevelt 5345,12,127
826,ESC N°10 DR RAMON J CARCANO ,826,Bucarelli 1950,12,127
827,INST TOMAS DEVOTO ,827,F. D. Roosevelt 5678,12,127
828,COLEGIO N°12 RECONQUISTA ,828,Av. Triunvirato 4992 / Bauness 2679,12,127
829,INST BEATA IMELDA ,829,Andonaegui 2261,12,127
830,INST BEATA IMELDA  GIMNASIO ,830,Olazábal 5255,12,127
831,COLEGIO SAN FRANCISCO COLL ,831,Bauness 2635,12,127
832,ESC N°9 DOMINGUITO ,832,Echeverría 5034,12,127
833,INST SAGRADA FAMILIA ,833,Blanco Encalada 5154 / s/n,12,127
834,COLEGIO SAINT JEAN ,834,Monroe 5352,12,127
835,ESC N°1 CORONEL OLAVARRIA ,835,Av. Triunvirato 5101,12,128
836,ESC N°11 FRAY LUIS BELTRAN ,836,Capdevila 3156,12,128
837,ESC N°3 REP DE COSTA RICA ,837,Manuela Pedraza 4548,12,128
838,CLUB PINOCHO ,838,Manuela Pedraza 5141,12,128
839,ST PATRICK´S SCHOOL  PRIMARIA ,839,Nahuel Huapi 4141 / 4165,12,128
840,COLEGIO CRISTO REY ,840,Quesada 5228 / Capdevila 3090,12,128
841,ESC N°24 FRANCISCO MORAZAN ,841,Dr. Pedro I. Rivera 4223,12,128
842,CLUB SUNDERLAND ,842,Lugones 3161,12,128
843,INST SUP DEL PROFESORADO EN ED ESPECIAL ,843,Holmberg 2754,12,128
844,INST DULCISIMO NOMBRE DE JESUS ,844,Crisólogo Larralde 4841,12,128
845,ESC N°2 JUANA MANUELA GORRITI ,845,Av. Triunvirato 4857,12,129
846,UBA  CBC SEDE DRAGO ,846,Holmberg 2614 / 2644,12,129
847,ESC N°21 LIC JUSTO J NUÑEZ ,847,Mariano Acha 2250,12,129
848,ESC N°4 PCIA DE BUENOS AIRES ,848,Av. Alvarez Thomas 3391,12,129
849,ESC N°18 JOSE HERNANDEZ ,849,La Pampa 3855,12,129
850,COLEGIO HORACIO WATSON ,850,Díaz Colodrero 2431,12,129
851,INST SAN VICENTE PALLOTI ,851,Estomba 1942,12,129
852,SEDE COMUNAL N°12 ,852,Holmberg 2548 / s/n,12,129
853,ESC N°16 EJERCITO DE LOS ANDES ,853,Av. Triunvirato 4247,12,129
854,INST HIJAS DE JESUS ,854,Olazábal 3849,12,129
855,INST CEFERINO NAMUNCURA ,855,Pacheco 2059,12,129
856,ESC N°8 JORGE A BOERO ,856,Juramento 4849,12,129
857,ESC N°22 FELIX DE AZARA ,857,José P. Tamborini 3948 / s/n,12,130
858,INST SANTA CLARA DE ASIS ,858,Manuela Pedraza 3850,12,130
859,INST SANTA MARIA DE LOS ANGELES ,859,Manuela Pedraza 3978,12,130
860,INST NTRA SRA DEL CARMEN GIMNASIO,860,Av. Melián 2753,12,130
861,ESC N°15 MANUEL A ACEVEDO ,861,Tronador 2861,12,130
862,ESC N°21 FRAGATA ESCUELA LIBERTAD ,862,Nuñez 3620 / Roque Perez s/n,12,130
863,ESC N°19 NACIONES UNIDAS ,863,R. Yrurtia 5806 / C. Pellegrini s/n,12,131
864,ESC N°12 ESPAÑA ,864,Valdenegro 3525 / s/n,12,131
865,ESC N°15 DRA CECILIA GRIERSON ,865,Valdenegro 3523,12,131
866,ESC N°25 REP DE TURQUIA ,866,Ruiz Huidobro 3853,12,132
867,ESC N°14 F M DEL BARCO CENTENERA ,867,Roque Pérez 3545,12,132
868,ESC N°14 DR VICENTE CARMELO GALLO ,868,Deheza 4728,12,132
869,ESC N°5 MONSEÑOR E ANGELELLI ,869,Tronador 4134,12,132
870,ESC N°13 DR I L ALBARRACIN ,870,Mariano Acha 4452,12,132
871,ESC N°18 J B TERAN ,871,Arias 4763,12,132
872,INST SANTA MARIA DE NAZARETH ,872,Av. Ricardo Balbín 4131,12,132
873,INST LA SALETTE ,873,Roque Pérez s/n y Ruiz Huidobro,12,132
874,CLUB ESTUDIANTES DEL NORTE ,874,Holmberg 4070/ 4078,12,132
875,ESC N°15 PCIA DE SANTA FE ,875,Pico 2629 / 2689,12,133
876,ESC N°21 CNEL C SAAVEDRA ,876,Gral. Ramón Freire 4080,12,133
877,INST SAN ISIDRO LABRADOR ,877,Av. San Isidro Labrador 4700,12,133
878,INST SAN FRANCISCO DE ASIS ,878,Crisologo Larralde 2551,12,133
879,INST SAN FRANCISCO DE ASIS GIMNASIO,879,Ciudad de la Paz 3646 / s/n,12,133
880,COLEGIO DIVINA PROVIDENCIA ,880,Conesa 4620 / Deheza 2946,12,133
881,ESC N°13 RICARDO MONNER SANS ,881,Ruiz Huidobro 2643,12,133
882,ESC N°6 CNEL M DORREGO ,882,Besares 2990 / s/n,12,133
883,ESCUELAS TECNICAS RAGGIO ,883,Av. Del Libertador 8635 / 8651,13,134
884,CLUB NAUTICO BUCHARDO ,884,Av. Comodoro Rivadavía 1250,13,134
885,ESC N°10 JOAQUIN M CULLEN ,885,11 de Septiembre 3451,13,134
886,INST AULA XXI ,886,11 de Septiembre 3168,13,135
887,INST BELGRANO UNO ,887,Arribeños 2871,13,135
888,ESC N°10 JOAQUIN M CULLEN ,888,11 de Septiembre 3451,13,135
889,COLEGIO OAK HILL ,889,Padre Canavery 7557,13,135
890,INST DR ENRIQUE ROMERO BREST ,890,Av. Miguel Sanchez 1338 /  s/n,13,135
891,ESC N°9 EVARISTO JULIO BADIA ,891,O´Higgins 3050,13,136
892,ESC N°7 MANUEL J GARCIA ,892,Av. Cabildo 3615,13,136
893,ESC N°7 MANUEL J GARCIA  GIMNASIO ,893,Av. Cabildo 3631,13,136
894,INST GRAL SAN MARTIN  PRIMARIA ,894,Cuba 3302 / 3314,13,136
895,ESCUELA DEL JACARANDA ,895,Manuela Pedraza 1892,13,136
896,ESC INTERDISCIPLINARIA N°10 ,896,O´Higgins 3401,13,136
897,ESC N°12 RODOLFO SENET ,897,Av. Crámer 3271,13,137
898,ESC N°16 REP DOMINICANA ,898,Av. Congreso 3045,13,137
899,INST GRAL SAN MARTIN  SECUNDARIA ,899,Iberá 2351,13,137
900,ESCUELA DE LA ALDEA ,900,Nuñez 2776,13,137
901,ESC N°4 CNEL BRANDSEN ,901,Juana Azurduy 2541,13,137
902,ESC N°19 PABLO PIZZURNO ,902,Av. Monroe 3000,13,138
903,ESC N°5 HEROES DE MALVINAS ,903,Av. Crámer 2136,13,138
904,ESC N°7 MANUEL BELGRANO ,904,Av. Monroe 3061,13,138
905,ESC ARGENTINA GENERAL BELGRANO ,905,Av. Monroe 3021 / Conesa s/n,13,138
906,INST NTRA SRA DEL SAGRADO CORAZON ,906,Blanco Encalada 2942,13,138
907,BELGRANO DAY SCHOOL ,907,Mendoza 3036,13,138
908,ESC N°5 JUAN B ALBERDI ,908,Moldes 2043 / s/n,13,138
909,ESC N°5 JUAN B ALBERDI  COMEDOR ,909,Amenabar 2060,13,138
910,ESC N°28 REP FRANCESA ,910,Cuba 2410,13,139
911,ESC N°17 JUAN BALESTRA ,911,Arcos 2440,13,139
912,ESC N°10 J B ALBERDI ,912,O´Higgins 2441,13,139
913,ESC N°1 CASTO MUNITA ,913,Cuba 2039 / 2041,13,139
914,COLEGIO OXFORD ,914,Av. Congreso 1570,13,140
915,ESC N°22 R DE ESCALADA DE SAN MARTIN ,915,Franklin D. Roosevelt 1510,13,140
916,UNITED HIGH SCHOOL ,916,Montañeses 2434,13,140
917,INST PORTEÑO ,917,Montañeses 1936,13,140
918,ESC N°20 VICEALMIRANTE MONTES ,918,Av. Congreso 1553,13,140
919,ESC N°8 ALTE R GONZALEZ FERNANDEZ ,919,Mendoza 1000,13,141
920,ESCUELA ITALIANA CRISTOFORO COLOMBO ,920,Ramsay 2251,13,141
921,INST SAN ROMAN  GIMNASIO ,921,Juramento 1348,13,141
922,UNIVERSIDAD TORCUATO DI TELLA ,922,Av. Figueroa Alcorta 7350,13,141
923,INST NTRA SRA DE LA MISERICORDIA ,923,Av. Cabildo 1333,13,142
924,INST MANUEL BELGRANO ,924,La Pampa 2226,13,142
925,INST SAN ROMAN  PRIMARIA ,925,Juramento 1368,13,142
926,INST SANTA ANA Y SAN JOAQUIN ,926,Av. del Libertador 6155,13,142
927,ESC N°23 JOSE C PAZ ,927,Mcal. A. J. de Sucre 1367,13,142
928,CLUB ATLETICO EXCURSIONISTAS ,928,La Pampa 1376,13,142
929,INST NTRA SRA DEL ROSARIO ,929,Ciudad de la Paz 1839,13,142
930,SOCIEDAD ESPAÑOLA DE SOCORROS MUTUOS ,930,Ciudad de la Paz 1750 / 1760,13,142
931,NUEVA ESC ARGENTINA 2000  PRIMARIA ,931,Vidal 1838,13,142
932,INST SAN CAYETANO ,932,Moldes 1764,13,142
933,ESC N°3 ESTEBAN ECHEVERRIA ,933,Moldes 1858,13,143
934,INST PATROCINIO DE SAN JOSE  GIMNASIO ,934,La Pampa 3023,13,143
935,INST PATROCINIO DE SAN JOSE ,935,Conesa 1830 / 1846,13,143
936,LICEO N°9 SANTIAGO DERQUI ,936,Conesa 1855,13,143
937,NUEVA ESC ARGENTINA 2000  SECUNDARIA ,937,Vidal 1861,13,143
938,COLEGIO DE LA CIUDAD ,938,Moldes 1825,13,143
939,ESC N°3 ESTEBAN ECHEVERRIA  GIMNASIO ,939,Vidal 1863,13,143
940,BUENOS AIRES ENGLISH HIGH SCHOOL ,940,Av. Melian 1854,13,144
941,COLEGIO ST BRENDAN´S ,941,Superí 2057,13,144
942,COLEGIO ST BRENDAN´S  GIMNASIO ,942,Echeverría 3343,13,144
943,COLEGIO SWORN JUNIOR ,943,Virrey del Pino 3275,13,144
944,COLEGIO PESTALOZZI ,944,Gral. Ramón Freire 1882,13,144
945,ESC N°7 MARCOS SASTRE ,945,Virrey Loreto 3050,13,145
946,ESC N°17 MONSEÑOR FRANCESCHI ,946,Gral. Enrique Martinez 1432,13,145
947,CLUB JUVENTUD DE BELGRANO ,947,Virrey Avilés 3167,13,145
948,ST CATHERINE´S SCHOOL ,948,Carbajal 3260,13,145
949,COLEGIO MEKHITARISTA ,949,Virrey del Pino 3511,13,145
950,COLEGIO N°8 JULIO A ROCA ,950,Carlos E. Zuberbühler 1850,13,145
951,ESC N°13 R SCALABRINI ORTIZ ,951,Conde 223 / s/n,13,146
952,COLEGIO SANTO TOMAS DE AQUINO ,952,Gral. Ramón Freire 183,13,146
953,COLEGIO INDUSTRIAL LEON XIII ,953,Concepción Arenal 2774,13,146
954,COLEGIO ST MATTHEW´S ,954,Moldes 1469,13,147
955,ESC N°16 CAPITAN MOYANO ,955,Moldes 1102,13,147
956,COLEGIO HANS CHRISTIAN ANDERSEN  PRIMARIO ,956,Ciudad de la Paz 1282,13,147
957,ESC N°3 JUANA MANSO ,957,Zapata 449,13,147
958,JARDIN DE INFANTES N°9 JARDIN DEL SOL ,958,Moldes 1220,13,147
959,INST ESPAÑOL VIRGEN DEL PILAR ,959,Av. Federico Lacroze 2950,13,147
960,ESC N°15 GRAL B O´HIGGINS ,960,Av. Federico Lacroze 2971,13,147
961,ESCUELA DEL SOL ,961,Cramer 450,13,147
962,ESC N°12 GRAN MCAL DEL PERU RAMON CASTILLA ,962,Conde 943,13,147
963,ESC N°10 MANUEL LAINEZ ,963,Olleros 2325,14,148
964,UB FACULTAD DE INGENIERIA ,964,Villanueva 1324,14,148
965,ESC N°10 MANUEL LAINEZ  SUM ,965,Av. Federico Lacroze 2322,14,148
966,INST SANTA MARIA DE LUJAN ,966,3 de Febrero 760,14,148
967,ESC N°6 VICENTE FIDEL LOPEZ ,967,Av. Santa Fe 5039,14,148
968,ESC N°3 M SANCHEZ DE THOMPSON ,968,Av. Cabildo 40,14,148
969,INST ESQUIU ,969,3 de Febrero 1261,14,148
970,COLEGIO LINCOLN ,970,Olleros 2283,14,148
971,INST CORAZON DE JESUS ,971,Concepción Arenal 2357 / Av. Cabildo 123,14,148
972,INST PRIVADO COLEGIO MASTER ,972,Olleros 2110,14,148
973,COLEGIO ESCLAVAS DEL SAGRADO CORAZON ,973,Maure 1944,14,148
974,ICANA ,974,3 de Febrero 821,14,148
975,ESC N°5 HONORABLE CONGRESO DE LA NACION ,975,Av. del Libertador 4777,14,149
976,ESC N°3 GRANADEROS DE SAN MARTIN  PRIMARIA ,976,Av. del Libertador 4903,14,149
977,ESC N°3 GRANADEROS DE SAN MARTIN  GIMNASIO ,977,Av. del Libertador 4903 / s/n,14,149
978,INST HOGAR SAN BENITO ,978,Arce 322,14,149
979,ESC N° 8 ARMENIO ARGENTINA  SUM ,979,Arce s/n / Arce 611,14,149
980,WASHINGTON SCHOOL ,980,Av. Federico Lacroze 1973,14,149
981,ESC N°8 ARMENIO ARGENTINA ,981,Arce 611,14,149
982,CLUB HARRODS GATH Y CHAVES ,982,Virrey del Pino 1480,14,149
983,CLUB GEBA  SEDE SAN MARTIN ,983,Av. de los Ombúes s/n / Av. F. Alcorta 5575,14,149
984,JARDIN DE INFANTES N°2 ,984,Av. del Libertador 4953,14,149
985,INST SUPERIOR ECCLESTON ,985,Av. Dorrego 3751,14,150
986,INST SAN MARTIN DE TOURS ,986,Av. Figueroa Alcorta 3380,14,150
987,INST BAYARD  PRIMARIA ,987,Jerónimo Salguero 2969,14,150
988,INST BAYARD  SECUNDARIA ,988,Castex 3348,14,150
989,JARDIN DE INFANCIA MITRE ,989,Av. Dorrego 3723,14,150
990,INST SAN MARTIN DE TOURS ,990,Zenteno 3160,14,150
991,LA RURAL S A  AUDITORIO ,991,Juncal 4431,14,151
992,LA RURAL S A  PABELLÓN OCRE ,992,Av. Santa Fe 4201,14,151
993,ESC N°20 CARLOS M BIEDMA ,993,Güemes 4610 / s/n,14,151
994,CENTRO CENTES N°2 ,994,Juan Francisco Seguí 3755,14,151
995,ESC DE JARDINERIA CRISTOBAL M HICKEN ,995,Av. Gral. Las Heras 4078,14,151
996,INST LANGE LEY ,996,Av. Scalabrini Ortiz 2840,14,151
997,ESC N°2 OSVALDO MAGNASCO ,997,Av. Santa Fe 3727,14,151
998,ESC N° 17 ARMINDA ABERASTURY ,998,Av. Scalabrini Ortiz 2760,14,151
999,ESC N°26 ADOLFO VAN GELDEREN ,999,Jerónimo Salguero 2455,14,152
1000,COLEGIO SANTA TERESA DE JESUS  PRIMARIA ,1000,Av. Gral. Las Heras 3670,14,152
1001,ESC N°16 WENCESLAO POSSE ,1001,Juncal 3131,14,152
1002,ESC N°8 EN LENGUAS VIVAS ,1002,Juncal 3251,14,152
1003,ESC N°12 GENERAL LAS HERAS ,1003,Julían Alvarez 2849 / J. Salguero 2360,14,152
1004,JARDIN DE INFANTES N° 3 ,1004,Juncal 3185,14,152
1005,SEDE COMUNAL N° 14 ,1005,Beruti 3325,14,152
1006,COLEGIO CHILDREN´S ,1006,Charcas 3949,14,152
1007,INST CORAZON DE MARIA ,1007,Guise 1979,14,153
1008,INST CORAZON DE MARIA  SUM ,1008,Guise 1965,14,153
1009,ESC N°6 VICENTE LOPEZ Y PLANES ,1009,Güemes 3837 / 3859,14,153
1010,COLEGIO GUADALUPE ,1010,Paraguay 3925 / J. Alvarez 2129,14,153
1011,COLEGIO DEL DIVINO CORAZON ,1011,Rep. Dominicana 3586,14,153
1012,ESC N°4 AMADEO JACQUES ,1012,Soler 3929,14,153
1013,INST GONZALEZ PECOTCHE  SECUNDARIA ,1013,Av. Coronel Diaz 1774,14,153
1014,ESC N°5 U LLAMES DE LA PUENTE ,1014,L. N. Mansilla 3643 / R. Dominicana s/n,14,153
1015,INST GONZALEZ PECOTCHE  PRIMARIA ,1015,Vidt 1631,14,153
1016,ESC N°17 BLAS PARERA ,1016,Armenia 2214,14,154
1017,ESC N°11 MANUELA PEDRAZA ,1017,Malabia 2252,14,154
1018,INST AMBROSIO TOGNONI ,1018,Av. Santa Fe 4320,14,154
1019,ESC N°7 MARIA CLAUDIA FALCONE ,1019,Malabia 2148,14,154
1020,COLEGIO ARMONIA ,1020,Thames 2472,14,154
1021,CENTRO ED SAN FRANCISCO JAVIER  PRIMARIA ,1021,Jorge Luis Borges 1883,14,154
1022,CENTRO ED SAN FRANCISCO JAVIER  SECUNDARIA ,1022,Jorge Luis Borges 1851,14,154
1023,COLEGIO PALERMO CHICO ,1023,Guatemala 4892 / Thames 2037,14,154
1024,ESC N°1 REP DE CUBA ,1024,Costa Rica 4942,14,154
1025,ESC N° 26 DR JORGE GARBER ,1025,Darregueyra 2460,14,154
1026,ESEADE ,1026,Uriarte 2472,14,154
1027,CENTRO CULTURAL DE LA CIENCIA ,1027,Godoy Cruz 2270,14,154
1028,ESC N°14 PCIA DE RIO NEGRO ,1028,Arévalo 1408,14,155
1029,ESC N°9 JUAN C LAFINUR ,1029,Gorriti 5740,14,155
1030,COLEGIO N° 4 NICOLAS AVELLANEDA  GIMNASIO ,1030,El Salvador s/n / El Salvador 5528,14,155
1031,COLEGIO N° 4 NICOLAS AVELLANEDA ,1031,Humboldt 1750 / El Salvador 5528,14,155
1032,COLEGIO FASTA CATHERINA ,1032,Soler 5942,14,155
1033,ESC FRANCESCO FAA DI BRUNO ,1033,Bonpland 1999,14,155
1034,ESC N°31 NACIONES UNIDAS ,1034,Angel J. Carranza 2045 / s/n,14,155
1035,COLEGIO ST XAVIER  SECUNDARIA ,1035,Gorriti 5980,14,155
1036,ESC N° 4 DR RAFAEL LUIS ARCONE ,1036,Nicaragua 5732,14,155
1037,CENTRO DE DIA N° 9 Y 13 ,1037,Paraguay 5170,14,155
1038,CLUB ESTRELLA DE MALDONADO ,1038,Humboldt 1731,14,155
1039,ESC FRANCESCO FAA DI BRUNO  GIMNASIO ,1039,Nicaragua 5664,14,155
1040,INST MARIE MANOOGIAN ,1040,Armenia 1338,14,156
1041,ESC PRIMARIA DIARBEKIRIAN ,1041,Niceto Vega 4753,14,156
1042,ESC N°23 DR JOSE MARIA BUSTILLO ,1042,Thames 1361,14,156
1043,INST GASCON  SUM ,1043,Gurruchaga 1254,14,156
1044,INST GASCON ,1044,Serrano 1261,14,156
1045,CLUB EROS ,1045,Uriarte 1609 / Honduras  s/n,14,156
1046,ESC N°9 CNEL GENARO BERON DE ASTRADA ,1046,El Salvador 4037,14,157
1047,ESC N°4 PCIA DE CORDOBA ,1047,Av. Scalabrini Ortiz 1336,14,157
1048,CEAES ESPIRITU SANTO ,1048,Fco. Acuña de Figueroa 1742 / Julián Alvarez 1801,14,157
1049,UP  FACULTAD DE DERECHO ,1049,Mario Bravo 1050,14,157
1050,UP  FACULTAD DE DISEÑO Y COMUNICACION ,1050,José A. Cabrera 3641,14,157
1051,NEW MODEL INTERNATIONAL SCHOOL ,1051,El Salvador 3952,14,157
1052,ESC N°18 YAPEYU ,1052,Malabia 964,15,158
1053,INST PRIV DE LA COLECTIVIDAD HELENICA ,1053,Julián Álvarez 1030,15,158
1054,INST GRIEGO ATENAGORAS I ,1054,Lerma 242,15,158
1055,INST SAN JOSE DE LA PALABRA DE DIOS ,1055,Castillo 767 / Serrano 1005,15,158
1056,ESC N°1 T DE LA QUINTANA ESCALADA ,1056,Av. Corrientes 5332,15,158
1057,CASA DE LA LECTURA ,1057,Lavalleja 924,15,158
1058,CLUB VILLA MALCOM ,1058,Av. Cordoba 5064,15,158
1059,ESC N°2 AUSTRALIA ,1059,Gurruchaga 739,15,159
1060,ESC N°19 PCIA DE CHUBUT ,1060,Humboldt 742,15,159
1061,INST INTEGRAL MUNDO NUEVO ,1061,Serrano 557 / 547,15,159
1062,COLEGIO ECOS ,1062,Serrano 923,15,159
1063,COLEGIO PAIDEIA ,1063,Juan Ramírez de Velasco 748,15,159
1064,CLUB FULGOR DE VILLA CRESPO ,1064,Loyola 828,15,159
1065,JARDIN DE INFANTES N° 3 LEOPOLDO MARECHAL ,1065,Aguirre 752,15,159
1066,ESC N°17 FRANCISCO DE VITORIA ,1066,Julián Álvarez 240,15,160
1067,ESC N°2 FCO DESIDERIO HERRERA ,1067,Camargo 725,15,160
1068,ESC N°21 ALTE SEGUNDO R STORNI ,1068,Martínez Rosas 1364,15,160
1069,COLEGIO BUENOS AIRES ,1069,Acevedo 357,15,160
1070,ESC N°16 GABRIELA MISTRAL ,1070,Julián Álvarez 123,15,160
1071,ESC N°12 HERMINIA BRUMANA ,1071,Fitz Roy 171,15,160
1072,CLUB ATLETICO ATLANTA ,1072,Humboldt 540,15,160
1073,ESC N°22 DR ROMULO S NAON ,1073,Aráoz 234,15,160
1074,INSTITUTO EDUCATIVO ALAS ,1074,Lavalleja 250,15,160
1075,ESC N°6 DELFIN JIJENA ,1075,Olaya 1565,15,161
1076,ESC N°16 ANDRES FERREYRA ,1076,Cnel. Apolinario Figueroa 661 / s/n,15,161
1077,ESC N°21 EMILIO RAUL OLIVE ,1077,Rojas 1554,15,161
1078,INST REGINA VIRGINUM ADORATRICES ,1078,H. Pueyrredón 1339 / Cnel. A. Figueroa 435,15,161
1079,ASOC BENITO NAZAR ,1079,Antezana 340,15,161
1080,ESC N°11 DR ENRIQUE MOSCA ,1080,Casafoust 761,15,161
1081,ESC N° 16 ANDRES FERREYRA  COMEDOR ,1081,Luis Viale 654,15,161
1082,ESC N°10 REP DEL ECUADOR ,1082,Espinosa 2547,15,162
1083,ESC N°20 REP DE HONDURAS ,1083,Av. Elcano 4861,15,162
1084,ESC N°13 PCIA DE NEUQUEN ,1084,Alte. F. J. Seguí 2580,15,162
1085,ESC N°15 PCIA DE MENDOZA ,1085,Juan Agustín García 1511,15,162
1086,CLUB AÑASCO ,1086,Gral. Manuel A. Rodriguez 2650,15,162
1087,ESC N°1 FEDERICO GARCIA LORCA ,1087,Av. Chorroarín 305,15,162
1088,ESC N°24 DR D VELEZ SARSFIELD ,1088,Av. del Campo 1340,15,162
1089,ESC N° 23 ALFREDO R BUFANO ,1089,Gral. Manuel A. Rodriguez 2332,15,162
1090,ASOC ATLETICA ARGENTINOS JUNIORS ,1090,Punta Arenas 1271,15,162
1091,ESC N° 20 DR JUAN AGUSTIN GARCIA ,1091,Nicasio Oroño 2131,15,162
1092,ESC N°8 C DE MENDEZ CASARIEGO ,1092,Av. Jorge Newbery 4436,15,163
1093,ESC N°34 ING E MARTIN HERMITTE ,1093,Aguirre 1473,15,163
1094,ESC N°14 DR LUIS AGOTE ,1094,Av. Jorge Newbery 3664,15,163
1095,SEDE COMUNAL N°15 ,1095,Bonpland 1271,15,163
1096,ESC N°1 RUBEN DARIO ,1096,Otero 271,15,163
1097,ESC N°18 CABILDO DE BUENOS AIRES ,1097,Av. Federico Lacroze 3839,15,164
1098,ARGENTINA SCHOOL ,1098,Giribone 867 / 873,15,164
1099,ESC N°32 GRAL JOSE DE SAN MARTIN ,1099,Teodoro Garcia 3871,15,164
1100,ESC DEL SIGLO NUEVO ,1100,Olleros 3855,15,164
1101,JARDIN DE INFANTES N° 3 EL JARDIN DE OLLEROS ,1101,Olleros 3621,15,164
1102,ESPACIO CULTURAL CARLOS GARDEL ,1102,Olleros 3640,15,164
1103,ESC N°2 GRAL MARIANO ACHA ,1103,Roseti 1450,15,165
1104,ESC N°26 JOSE MARMOL ,1104,Carbajal 4019,15,165
1105,INST C ESTRADA DE MARTINEZ ,1105,Av. del Campo 1653,15,165
1106,ESC N°4 GRAL J ANTONIO LAVALLEJA ,1106,14 de Julio 546,15,165
1107,INST EDUC DUAYEN ,1107,Ballivián 2230,15,165
1108,ESC INTERDISCIPLINARIA N°14 ,1108,Av. Triunvirato 3626,15,165
1109,INST PARROQUIAL SAN ROQUE ,1109,Charlone 1866,15,165
1110,ESC N°3 ING ALVAREZ CONDARCO ,1110,Girardot 1946 / s/n,15,165
1111,ESC N° 18 CECILIA MARIA DE CANO ,1111,Giribone 1961,15,165
1112,UTN INST NAC SUP DEL PROF TECNICO ,1112,Av. Triunvirato 3174,15,165
1113,ESC N°5 ENRIQUE DE VEDIA ,1113,Combatientes de Malvinas 3234,15,166
1114,ESC N°27 PETRONILA RODRIGUEZ ,1114,Andonaegui 1532 / Sofìa s/n,15,166
1115,INST EDUC SANTA TERESITA ,1115,Quirós 2941,15,166
1116,ASOC FOMENTO PARQUE CHAS ,1116,Bauness 1486,15,166
1117,CLUB AGRONOMIA CENTRAL ,1117,Bauness 958,15,166
1118,CLUB SABER ,1118,Llerena 2727,15,166
1119,ESC N°25 CARMEN SONDA DE PANDOLFINI ,1119,Av. San Martín 5021,15,167
1120,ESC N°22 AGRONOMIA ,1120,Av. de los Constituyentes 3100,15,167
1121,ESC N°3 GRECIA ,1121,Condarco 3984,15,167
1122,ESC N°4 CNEL MAYOR ALVAREZ THOMAS ,1122,Terrada 3983,15,167
1123,ESC N° 11 CONGRESO DE TUCUMAN ,1123,Pedro Moran 2899,15,167
1124,CLUB BIBLIOTECA ARTIGAS ,1124,Navarro 2544,15,167
1125,CLUB EL TALAR ,1125,Nueva York 2944,15,167
